Workbook

Sheet 11;50
A1: HORARIO PRE ESCOLAR 11:50
A5: Nro. | B5: ALUMNO | C5: CURSO | D5: FECHA INICIO | E5: FECHA FIN | F5: OBSERVACIONES | G5: AGOSTO | Z5: PLATOS VENDIDOS | AA5: PLATOS VENDIDOS EN BS
G6: L | H6: M | I6: M | J6: L | K6: M | L6: M | M6: J | N6: V | O6: L | P6: M | Q6: M | R6: J | S6: V | T6: L | U6: M | V6: M | W6: J | X6: V | Y6: L
G7: 1 | H7: 2 | I7: 3 | J7: 4 | K7: 5 | L7: 6 | M7: 7 | N7: 8 | O7: 9 | P7: 10 | Q7: 11 | R7: 12 | S7: 13 | T7: 14 | U7: 15 | V7: 16 | W7: 17 | X7: 18 | Y7: 19
G8: 3 | H8: 4 | I8: 5 | J8: 10 | K8: 11 | L8: 12 | M8: 13 | N8: 14 | O8: 17 | P8: 18 | Q8: 19 | R8: 20 | S8: 21 | T8: 24 | U8: 25 | V8: 26 | W8: 27 | X8: 28 | Y8: 31
A9: 1 | B9: ALEXANDER AESCHBACHER | C9: KINDER B | F9: NO JUGO/SOLO AGUA | J9: 1 | M9: 1 | N9: 1 | O9: 1 | Q9: 1 | T9: 1 | U9: 1 | V9: 1 | X9: 1 | Z9: =+SUM(G9:Y9) -> 9 | AA9: =+Z9*32 -> 288
A10: 2 | B10: ABIGAIL GONG PACO | C10: PRE K C | G10: 1 | H10: 1 | J10: 1 | M10: 1 | N10: 0 | O10: 1 | Q10: 1 | T10: 1 | W10: 0 | X10: 1 | Z10: =+SUM(G10:Y10) -> 8 | AA10: =+Z10*32 -> 256
A11: 3 | B11: AGUSTINA ROCA | C11: KINDER B | Z11: =+SUM(G11:Y11) -> 0 | AA11: =+Z11*32 -> 0
A12: 4 | B12: AINOA ARCE | C12: PRE K B | Z12: =+SUM(G12:Y12) -> 0 | AA12: =+Z12*32 -> 0
A13: 5 | B13: ALISON REBECA ALBA | C13: KINDER A | F13: NO PIPOCAS DE POLLO | G13: 1 | H13: 1 | J13: 1 | K13: 1 | L13: 1 | M13: 1 | N13: 1 | O13: 1 | P13: 0 | Q13: 1 | R13: 1 | S13: 0 | T13: 1 | U13: 1 | V13: 1 | W13: 1 | X13: 1 | Z13: =+SUM(G13:Y13) -> 15 | AA13: =+Z13*32 -> 480
A14: 6 | B14: AMELIE ANTELO | C14: KINDER C | Z14: =+SUM(G14:Y14) -> 0 | AA14: =+Z14*32 -> 0
A15: 7 | B15: ANA FABIA JIMENEZ | C15: KINDER A | P15: 1
A16: 8 | B16: ANA LUCIA ROSADO | C16: KINDER A | G16: 1 | H16: 1 | J16: 1 | K16: 1 | L16: 1 | M16: 1 | N16: 1 | O16: 1 | P16: 1 | Q16: 1 | R16: 1 | S16: 1 | T16: 1 | U16: 1 | V16: 1 | W16: 1 | X16: 1 | Z16: =+SUM(G16:Y16) -> 17 | AA16: =+Z16*32 -> 544
A17: 9 | B17: ANDIARA SUAREZ | C17: PRE K C | G17: 1 | J17: 1 | O17: 1 | U17: 1 | Z17: =+SUM(G17:Y17) -> 4 | AA17: =+Z17*32 -> 128
A18: 10 | B18: ANDRES BOWLES | C18: PRE K A | Z18: =+SUM(G18:Y18) -> 0 | AA18: =+Z18*32 -> 0
A19: 11 | B19: ANDRES NACIF | C19: PRE K C | G19: 1 | H19: 1 | J19: 1 | K19: 1 | L19: 1 | M19: 1 | N19: 1 | O19: 1 | P19: 1 | Q19: 1 | R19: 1 | T19: 1 | U19: 1 | V19: 1 | W19: 1 | X19: 1 | Z19: =+SUM(G19:Y19) -> 16 | AA19: =+Z19*32 -> 512
A20: 12 | B20: ANDRES SEAS | C20: PRE K A | L20: 1 | P20: 1 | R20: 1 | T20: 1 | V20: 1 | W20: 1 | Z20: =+SUM(G20:Y20) -> 6 | AA20: =+Z20*32 -> 192
A21: 13 | B21: ANTONELLA BERRENDERO | C21: KINDER A | Z21: =+SUM(G21:Y21) -> 0 | AA21: =+Z21*32 -> 0
A22: 14 | B22: ANTONELLA ROJAS | C22: KINDER C | F22: DEBE SNACKS DEL MES PASADO | Z22: =+SUM(G22:Y22) -> 0 | AA22: =+Z22*32 -> 0
A23: 15 | B23: ARIANNA TIRADO | C23: KINDER B | H23: 1 | J23: 1 | K23: 1 | L23: 1 | M23: 1 | N23: 1 | O23: 1 | P23: 1 | Q23: 1 | R23: 1 | S23: 1 | T23: 1 | U23: 1 | V23: 1 | W23: 1 | X23: 1 | Z23: =+SUM(G23:Y23) -> 16 | AA23: =+Z23*32 -> 512
A24: 16 | B24: BENJAMIN ARNEZ | C24: PRE K C | O24: 1 | Z24: =+SUM(G24:Y24) -> 1 | AA24: =+Z24*32 -> 32
A25: 17 | B25: BRUNA SOLJANCIC | C25: KINDER A | Z25: =+SUM(G25:Y25) -> 0 | AA25: =+Z25*32 -> 0
A26: 18 | B26: CALEB GONG PACO | C26: KINDER C | D26: . | G26: 1 | H26: 1 | N26: 1 | O26: 1 | Q26: 1 | T26: 1 | W26: 0 | X26: 1 | Z26: =+SUM(G26:Y26) -> 7 | AA26: =+Z26*32 -> 224
A27: 19 | B27: CATALINA ADAD | C27: PRE K B | Z27: =+SUM(G27:Y27) -> 0 | AA27: =+Z27*32 -> 0
A28: 20 | B28: CATALINA MORILLO | C28: KINDER A | Z28: =+SUM(G28:Y28) -> 0 | AA28: =+Z28*32 -> 0
A29: 21 | B29: CARMEN SOFIA SEJAS | C29: PRE K A | F29: ALMUERZO + MERIENDA | G29: 1 | H29: 1 | J29: 1 | K29: 1 | L29: 1 | M29: 1 | N29: 1 | O29: 1 | P29: 1 | Q29: 1 | R29: 1 | S29: 1 | T29: 1 | U29: 1 | V29: 1 | W29: 1 | X29: 1 | Z29: =+SUM(G29:Y29) -> 17 | AA29: =+Z29*32 -> 544
A30: 22 | B30: CAYETANA ARZABE | C30: PRE K C | O30: 1 | Z30: =+SUM(G30:Y30) -> 1 | AA30: =+Z30*32 -> 32
A31: 23 | B31: CELESTE BALCAZAR | C31: KINDER A | G31: 1 | H31: 1 | J31: 1 | K31: 1 | L31: 1 | M31: 1 | N31: 1 | O31: 1 | P31: 1 | Q31: 1 | R31: 1 | S31: 1 | T31: 1 | U31: 1 | V31: 1 | W31: 1 | X31: 1 | Z31: =+SUM(G31:Y31) -> 17 | AA31: =+Z31*32 -> 544
A32: 24 | B32: DARIO MUNDAKA | C32: PRE K C | J32: 1
A33: 25 | B33: DIEGO MARTINEZ | C33: KINDER A | F33: REGISTRO HASTA EL 30 DE SEPT | G33: 1 | H33: 1 | J33: 1 | K33: 1 | L33: 1 | M33: 1 | N33: 1 | O33: 1 | P33: 1 | Q33: 1 | R33: 1 | S33: 1 | T33: 1 | U33: 1 | V33: 1 | W33: 1 | X33: 1 | Z33: =+SUM(G33:Y33) -> 17 | AA33: =+Z33*32 -> 544
A34: 26 | B34: ELENOR ARAMAYO | C34: KINDER B | Z34: =+SUM(G34:Y34) -> 0 | AA34: =+Z34*32 -> 0
A35: 27 | B35: ELENA DAROCA | C35: PRE K A | H35: 1 | J35: 1 | O35: 1 | S35: 1 | W35: 1 | Z35: =+SUM(G35:Y35) -> 5 | AA35: =+Z35*32 -> 160
A36: 28 | B36: EMMA VEGA | C36: PRE K A | H36: 1 | Z36: =+SUM(G36:Y36) -> 1 | AA36: =+Z36*32 -> 32
A37: 29 | B37: ESTEBAN SPENCER | C37: PRE K B | Z37: =+SUM(G37:Y37) -> 0 | AA37: =+Z37*32 -> 0
A38: 30 | B38: HELENA BARBIERI | C38: KINDER C | F38: NO LACTEOS - NO GLUTEN | G38: 1 | H38: 1 | J38: 1 | K38: 1 | L38: 1 | M38: 1 | N38: 1 | O38: 1 | P38: 1 | Q38: 1 | R38: 1 | S38: 1 | T38: 1 | U38: 1 | V38: 1 | W38: 1 | X38: 1 | Z38: =+SUM(G38:Y38) -> 17 | AA38: =+Z38*32 -> 544
A39: 31 | B39: IVAN MADARIAGA | C39: KINDER A | F39: LUNCH + MERIENDA /no burger/ panini/keperi/burrito | G39: 1 | H39: 1 | J39: 1 | K39: 1 | L39: 1 | M39: 1 | N39: 1 | O39: 1 | P39: 1 | Q39: 1 | R39: 1 | S39: 1 | T39: 1 | U39: 1 | V39: 1 | W39: 1 | X39: 1 | Z39: =+SUM(G39:Y39) -> 17 | AA39: =+Z39*32 -> 544
A40: 32 | B40: JERRY FLORES LI | C40: KINDER C | Z40: =+SUM(G40:Y40) -> 0 | AA40: =+Z40*32 -> 0
A41: 33 | B41: JHERICK IAN SOLIZ | C41: KINDER B | Z41: =+SUM(G41:Y41) -> 0 | AA41: =+Z41*32 -> 0
A42: 34 | B42: JORGE JIMENEZ | C42: KINDER C | G42: 1 | H42: 1 | J42: 1 | K42: 1 | L42: 1 | M42: 1 | N42: 1 | O42: 1 | P42: 1 | Q42: 1 | R42: 1 | T42: 1 | U42: 1 | V42: 1 | W42: 1 | X42: 1 | Z42: =+SUM(G42:Y42) -> 16 | AA42: =+Z42*32 -> 512
A43: 35 | B43: JOSE CAMILO MAMANI | C43: PRE K A | F43: PAGA FIN DE MES/DEBE 5 DIAS JULIO | G43: 1 | H43: 1 | J43: 1 | K43: 1 | L43: 1 | M43: 1 | N43: 1 | O43: 1 | P43: 1 | Q43: 1 | R43: 1 | S43: 1 | T43: 1 | U43: 1 | V43: 1 | W43: 1 | X43: 1 | Z43: =+SUM(G43:Y43) -> 17 | AA43: =+Z43*32 -> 544
A44: 36 | B44: JUAN ALEJANDRO MONTALVO | C44: PRE K A | Z44: =+SUM(G44:Y44) -> 0 | AA44: =+Z44*32 -> 0
A45: 37 | B45: JUAN CARLOS VELASCO | C45: PRE K A | F45: NO TALLARIN A LA BOLOGNESA/NO PASTAS | G45: 1 | H45: 1 | J45: 0 | K45: 1 | L45: 1 | M45: 1 | N45: 1 | O45: 1 | P45: 1 | Q45: 0 | R45: 1 | S45: 1 | T45: 1 | U45: 1 | V45: 1 | W45: 0 | X45: 1 | Z45: =+SUM(G45:Y45) -> 14 | AA45: =+Z45*32 -> 448
A46: 38 | B46: JULIA CHESHIER | C46: PRE K B | G46: 1 | H46: 1 | J46: 1 | K46: 1 | L46: 1 | M46: 1 | N46: 1 | O46: 1 | P46: 1 | Q46: 1 | R46: 1 | S46: 1 | T46: 1 | U46: 1 | V46: 1 | W46: 1 | X46: 1 | Z46: =+SUM(G46:Y46) -> 17 | AA46: =+Z46*32 -> 544
A47: 39 | B47: JULIETA FRANCO | C47: PRE K B | F47: NO CERDO/NO EMBUTIDO | Z47: =+SUM(G47:Y47) -> 0 | AA47: =+Z47*32 -> 0
A48: 40 | B48: JULIETA PARADA | C48: KINDER B | F48: 2 DIAS PARA SEP. | G48: 1 | H48: 1 | J48: 1 | K48: 1 | L48: 1 | M48: 1 | N48: 1 | O48: 1 | P48: 1 | Q48: 1 | R48: 1 | S48: 1 | T48: 1 | U48: 1 | V48: 1 | W48: 1 | X48: 1 | Z48: =+SUM(G48:Y48) -> 17 | AA48: =+Z48*32 -> 544
A49: 41 | B49: KARINA SOSA | C49: KINDER B | G49: 1 | H49: 1 | J49: 1 | K49: 1 | L49: 1 | M49: 1 | N49: 1 | O49: 1 | P49: 1 | Q49: 1 | R49: 1 | S49: 0 | T49: 1 | U49: 1 | V49: 1 | W49: 1 | X49: 1 | Z49: =+SUM(G49:Y49) -> 16 | AA49: =+Z49*32 -> 512
A50: 42 | B50: LAURA TRONCOSO | C50: PRE K B | Z50: =+SUM(G50:Y50) -> 0 | AA50: =+Z50*32 -> 0
A51: 43 | B51: LUCIANA PERROGON | C51: PRE K A | G51: 1 | H51: 1 | J51: 1 | K51: 1 | L51: 1 | M51: 1 | N51: 0 | O51: 1 | P51: 1 | Q51: 1 | R51: 1 | S51: 1 | T51: 1 | U51: 1 | V51: 1 | W51: 1 | X51: 1 | Z51: =+SUM(G51:Y51) -> 16 | AA51: =+Z51*32 -> 512
A52: 44 | B52: MARIA PIA ALVAREZ | C52: PRE K A | Z52: =+SUM(G52:Y52) -> 0 | AA52: =+Z52*32 -> 0
A53: 45 | B53: MARTINA CAMACHO | C53: KINDER C | G53: 1 | Z53: =+SUM(G53:Y53) -> 1 | AA53: =+Z53*32 -> 32
A54: 46 | B54: MARTINA JUSTINIANO | C54: PRE K A | G54: 1 | H54: 0 | J54: 1 | K54: 1 | L54: 1 | M54: 1 | N54: 1 | O54: 1 | P54: 1 | Q54: 1 | R54: 1 | S54: 1 | T54: 1 | U54: 1 | V54: 1 | W54: 1 | X54: 1 | Z54: =+SUM(G54:Y54) -> 16 | AA54: =+Z54*32 -> 512
A55: 47 | B55: MARTINA LOZANO | C55: KINDER C | Z55: =+SUM(G55:Y55) -> 0 | AA55: =+Z55*32 -> 0
A56: 48 | B56: MARTINA VISCARRA | C56: PRE K B | G56: 1 | K56: 1 | N56: 1 | O56: 1 | T56: 1 | Z56: =+SUM(G56:Y56) -> 5 | AA56: =+Z56*32 -> 160
A57: 49 | B57: MATEO BOWEN CHEN | C57: KINDER B | G57: 1 | H57: 1 | J57: 1 | K57: 1 | L57: 1 | M57: 1 | N57: 1 | O57: 1 | P57: 1 | Q57: 1 | R57: 1 | S57: 1 | T57: 1 | U57: 1 | V57: 1 | W57: 1 | X57: 1 | Z57: =+SUM(G57:Y57) -> 17 | AA57: =+Z57*32 -> 544
A58: 50 | B58: MAXIMILIANO MCLEAN | C58: PRE K B | Z58: =+SUM(G58:Y58) -> 0 | AA58: =+Z58*32 -> 0
A59: 51 | B59: MELINA CARRASCO | C59: KINDER A | G59: 1 | H59: 1 | J59: 1 | K59: 1 | L59: 1 | M59: 1 | N59: 1 | O59: 1 | P59: 1 | Q59: 1 | R59: 1 | S59: 1 | T59: 1 | U59: 1 | V59: 1 | W59: 1 | X59: 1 | Z59: =+SUM(G59:Y59) -> 17 | AA59: =+Z59*32 -> 544
A60: 52 | B60: MIA ISABELLA SOLIZ | C60: PRE K B | Z60: =+SUM(G60:Y60) -> 0 | AA60: =+Z60*32 -> 0
A61: 53 | B61: MILAN ANTEZANA | C61: KINDER A | K61: 1 | L61: 0 | M61: 1 | T61: 1 | X61: 1 | Z61: =+SUM(G61:Y61) -> 4 | AA61: =+Z61*32 -> 128
A62: 54 | B62: NAZLI ACOURI | C62: KINDER | Z62: =+SUM(G62:Y62) -> 0 | AA62: =+Z62*32 -> 0
A63: 55 | B63: NICOLAS CZERNIEWICZ | C63: KINDER C | W63: 1 | Z63: =+SUM(G63:Y63) -> 1 | AA63: =+Z63*32 -> 32
A64: 56 | B64: OLIVER BALDIVIESO | C64: PRE K B | K64: 1 | O64: 1 | Z64: =+SUM(G64:Y64) -> 2 | AA64: =+Z64*32 -> 64
A65: 57 | B65: OLIVIA KEFFER | C65: KINDER B | Z65: =+SUM(G65:Y65) -> 0 | AA65: =+Z65*32 -> 0
A66: 58 | B66: OLIVIA PARADA | C66: KINDER C | G66: 0 | H66: 0 | J66: 0 | K66: 0 | L66: 0 | M66: 0 | N66: 0 | O66: 0 | P66: 0 | Q66: 0 | R66: 0 | S66: 0 | T66: 0 | U66: 0 | V66: 0 | W66: 0 | X66: 0 | Z66: =+SUM(G66:Y66) -> 0 | AA66: =+Z66*32 -> 0
A67: 59 | B67: OLIVIA PERROGON | C67: PRE K C | G67: 1 | H67: 1 | J67: 1 | K67: 1 | L67: 1 | M67: 1 | N67: 0 | O67: 1 | P67: 1 | Q67: 1 | R67: 1 | S67: 1 | T67: 1 | U67: 1 | V67: 1 | W67: 1 | X67: 1 | Z67: =+SUM(G67:Y67) -> 16 | AA67: =+Z67*32 -> 512
A68: 60 | B68: OLIVIA WEIDLIG | C68: PRE K B | Z68: =+SUM(G68:Y68) -> 0 | AA68: =+Z68*32 -> 0
A69: 61 | B69: PATRICIO PARRADO | C69: KINDER C | G69: 0 | H69: 1 | O69: 1 | P69: 1 | Q69: 1 | R69: 1 | S69: 0 | T69: 1 | U69: 1 | V69: 1 | W69: 1 | X69: 1 | Z69: =+SUM(G69:Y69) -> 10 | AA69: =+Z69*32 -> 320
A70: 62 | B70: RAFAEL CASTILLO | C70: KINDER A | Z70: =+SUM(G70:Y70) -> 0 | AA70: =+Z70*32 -> 0
A71: 63 | B71: RAFAEL NICOLAS FISCHER | C71: PRE K A | G71: 1 | H71: 1 | J71: 1 | K71: 1 | L71: 1 | M71: 1 | N71: 1 | O71: 1 | P71: 1 | Q71: 1 | R71: 1 | S71: 1 | T71: 1 | U71: 1 | V71: 1 | W71: 1 | X71: 1 | Z71: =+SUM(G71:Y71) -> 17 | AA71: =+Z71*32 -> 544
A72: 64 | B72: RODOLFO VARGAS | C72: KINDER C | G72: 1 | H72: 1 | J72: 1 | K72: 1 | L72: 1 | M72: 1 | N72: 1 | O72: 1 | P72: 1 | Q72: 1 | R72: 1 | S72: 1 | T72: 1 | U72: 1 | V72: 1 | W72: 1 | X72: 1 | Z72: =+SUM(G72:Y72) -> 17 | AA72: =+Z72*32 -> 544
A73: 65 | B73: SANTIAGO CANEDO | C73: PRE K C | F73: SOLO AGUA | K73: 1 | Z73: =+SUM(G73:Y73) -> 1 | AA73: =+Z73*32 -> 32
A74: 66 | B74: SANTINO VERGARA | C74: PRE K A | F74: MENU FIT - SOLO FRUTA DE POSTRE + ENSALADA | G74: 1 | H74: 1 | J74: 1 | K74: 1 | L74: 1 | M74: 1 | N74: 1 | O74: 1 | P74: 1 | Q74: 1 | R74: 1 | S74: 1 | T74: 1 | U74: 1 | V74: 1 | W74: 1 | X74: 1 | Z74: =+SUM(G74:Y74) -> 17 | AA74: =+Z74*32 -> 544
A75: 67 | B75: SARA MARIA ROJAS | C75: PRE K C | G75: 1 | H75: 1 | J75: 1 | K75: 1 | L75: 1 | M75: 1 | N75: 1 | O75: 1 | P75: 1 | Q75: 1 | R75: 1 | S75: 1 | T75: 1 | U75: 1 | V75: 1 | W75: 1 | X75: 1 | Z75: =+SUM(G75:Y75) -> 17 | AA75: =+Z75*32 -> 544
A76: 68 | B76: SEBASTIAN CANEDO | C76: KINDER C | L76: 1 | P76: 1 | Q76: 1 | R76: 1 | S76: 1 | U76: 1 | W76: 1 | X76: 1 | Z76: =+SUM(G76:Y76) -> 8 | AA76: =+Z76*32 -> 256
A77: 69 | B77: SEBASTIAN ESPINOSA | C77: KINDER B | G77: 1 | H77: 1 | J77: 1 | K77: 1 | L77: 1 | M77: 1 | N77: 1 | O77: 1 | P77: 1 | Q77: 1 | R77: 1 | S77: 1 | T77: 1 | U77: 1 | V77: 1 | W77: 1 | X77: 1 | Z77: =+SUM(G77:Y77) -> 17 | AA77: =+Z77*32 -> 544
A78: 70 | B78: SEBASTIAN PINELL | C78: KINDER A | D78: . | Z78: =+SUM(G78:Y78) -> 0 | AA78: =+Z78*32 -> 0
A79: 71 | B79: SOFIA INESA CHAVEZ | C79: PRE K B | Z79: =+SUM(G79:Y79) -> 0 | AA79: =+Z79*32 -> 0
A80: 72 | B80: SOFIA SAAVEDRA | C80: KINDER A | F80: MENU FIT | G80: 1 | H80: 1 | J80: 1 | K80: 1 | L80: 1 | M80: 1 | N80: 1 | O80: 1 | P80: 1 | Q80: 1 | R80: 1 | S80: 1 | T80: 1 | U80: 1 | V80: 1 | W80: 1 | X80: 1 | Z80: =+SUM(G80:Y80) -> 17 | AA80: =+Z80*32 -> 544
A81: 73 | B81: STEPHAN MINK | C81: PRE K C | F81: 5 CUCHARADAS DE SOPA MIN | J81: 1 | K81: 1 | L81: 1 | M81: 1 | N81: 1 | O81: 1 | P81: 1 | Q81: 0 | R81: 1 | S81: 1 | T81: 1 | U81: 1 | V81: 1 | W81: 1 | X81: 1 | Z81: =+SUM(G81:Y81) -> 14 | AA81: =+Z81*32 -> 448
A82: 74 | B82: TOMAS MUÑOZ | C82: PRE K C | P82: 1 | S82: 1 | Z82: =+SUM(G82:Y82) -> 2 | AA82: =+Z82*32 -> 64
A83: 75 | B83: VALENTINA PATIÑO | C83: KINDER A | F83: SI MILANESA /DEBE 5 ALMUERZOS Y 2 SNACKS JULIO | G83: 1 | H83: 1 | J83: 1 | K83: 1 | L83: 1 | M83: 1 | N83: 1 | O83: 1 | P83: 1 | Q83: 0 | R83: 1 | S83: 1 | T83: 1 | U83: 1 | V83: 1 | W83: 1 | X83: 1 | Z83: =+SUM(G83:Y83) -> 16 | AA83: =+Z83*32 -> 512
A84: 76 | B84: VICTORIA ARZE | C84: KINDER B | Z84: =+SUM(G84:Y84) -> 0 | AA84: =+Z84*32 -> 0
A85: 77 | B85: VICENTE CRONENBOLD | C85: PRE K C | G85: 1 | H85: 1 | J85: 1 | K85: 1 | L85: 1 | M85: 1 | N85: 1 | O85: 1 | P85: 1 | Q85: 1 | R85: 1 | S85: 1 | T85: 1 | U85: 1 | V85: 1 | W85: 1 | X85: 1 | Z85: =+SUM(G85:Y85) -> 17 | AA85: =+Z85*32 -> 544
A86: 78 | B86: VICTORIA SANDOVAL | C86: KINDER A | F86: NO CERDO NI EMBUTIDOS | G86: 1 | H86: 1 | J86: 1 | K86: 1 | L86: 1 | M86: 1 | N86: 1 | O86: 1 | P86: 1 | Q86: 1 | R86: 1 | S86: 1 | T86: 1 | U86: 1 | V86: 1 | W86: 1 | X86: 1 | Z86: =+SUM(G86:Y86) -> 17 | AA86: =+Z86*32 -> 544
A87: 79 | B87: WALTER ANTONIO GUARDIA | C87: KINDER A | Z87: =+SUM(G87:Y87) -> 0 | AA87: =+Z87*32 -> 0
A88: 80 | B88: YAZID GUARDIA | C88: PRE K B | Z88: =+SUM(G88:Y88) -> 0 | AA88: =+Z88*32 -> 0
A89: 81 | B89: YU MO WU LI | C89: PRE K A | G89: 1 | H89: 1 | I89: 0 | J89: 1 | K89: 1 | L89: 1 | M89: 1 | N89: 1 | O89: 1 | P89: 1 | Q89: 1 | R89: 1 | S89: 1 | T89: 1 | U89: 1 | V89: 1 | W89: 1 | X89: 1 | Z89: =+SUM(G89:Y89) -> 17 | AA89: =+Z89*32 -> 544
A90: 82 | B90: ZAIRA VIERA | C90: KINDER A | G90: 1 | T90: 1 | Z90: =+SUM(G90:Y90) -> 2 | AA90: =+Z90*32 -> 64
A91: 83 | Z91: =+SUM(G91:Y91) -> 0 | AA91: =+Z91*32 -> 0
A92: 84 | Z92: =+SUM(G92:Y92) -> 0 | AA92: =+Z92*32 -> 0
A93: 85 | Z93: =+SUM(G93:Y93) -> 0 | AA93: =+Z93*32 -> 0
A94: 86 | Z94: =+SUM(G94:Y94) -> 0 | AA94: =+Z94*32 -> 0
G95: =SUM(G9:G94) -> 35 | H95: =SUM(H9:H94) -> 34 | I95: =SUM(I9:I94) -> 0 | J95: =SUM(J9:J94) -> 35 | K95: =SUM(K9:K94) -> 35 | L95: =SUM(L9:L94) -> 33 | M95: =SUM(M9:M94) -> 34 | N95: =SUM(N9:N94) -> 32 | ... Y95: =SUM(Y9:Y94) -> 0
Z96: =+SUM(Z9:Z94) -> 589
AA97: =SUM(AA9:AA94) -> 18848

Sheet 11;25
A1: HORARIO ESCOLAR 11:25
A5: Nro. | B5: ALUMNO | C5: CURSO | D5: FECHA INICIO | E5: FECHA FIN | F5: OBSERVACIONES | G5: AGOSTO | Z5: PLATOS VENDIDOS | AA5: PLATOS VENDIDOS EN BS
G6: L | H6: M | I6: M | J6: L | K6: M | L6: M | M6: J | N6: V | O6: L | P6: M | Q6: M | R6: J | S6: V | T6: L | U6: M | V6: M | W6: J | X6: V | Y6: L
G7: 1 | H7: 2 | I7: 3 | J7: 4 | K7: 5 | L7: 6 | M7: 7 | N7: 8 | O7: 9 | P7: 10 | Q7: 11 | R7: 12 | S7: 13 | T7: 14 | U7: 15 | V7: 16 | W7: 17 | X7: 18 | Y7: 19
G8: 3 | H8: 4 | I8: 5 | J8: 10 | K8: 11 | L8: 12 | M8: 13 | N8: 14 | O8: 17 | P8: 18 | Q8: 19 | R8: 20 | S8: 21 | T8: 24 | U8: 25 | V8: 26 | W8: 27 | X8: 28 | Y8: 31
A9: 1 | B9: AARON JIMENEZ | C9: 6P | Z9: =+SUM(G9:Y9) -> 0 | AA9: =+Z9*32 -> 0
A10: 2 | B10: ABIGAIL PARADA | C10: 6P | I10: 1 | J10: 1 | Z10: =+SUM(G10:Y10) -> 2 | AA10: =+Z10*32 -> 64
A11: 3 | B11: ABRIL NUÑEZ | C11: 6P | Z11: =+SUM(G11:Y11) -> 0 | AA11: =+Z11*32 -> 0
A12: 4 | B12: ADRIAN SPECHAR | C12: 6P | F12: NO MILANESA | G12: 1 | H12: 1 | I12: 1 | J12: 1 | K12: 1 | L12: 1 | M12: 1 | N12: 1 | O12: 1 | P12: 1 | Q12: 1 | R12: 1 | S12: 1 | T12: 1 | U12: 1 | V12: 1 | W12: 1 | X12: 1 | Z12: =+SUM(G12:Y12) -> 18 | AA12: =+Z12*32 -> 576
A13: 5 | B13: ADRIANA SEAS | C13: 5PA | K13: 1 | L13: 1 | M13: 1 | O13: 1 | P13: 1 | R13: 1 | T13: 1 | V13: 1 | W13: 1 | Z13: =+SUM(G13:Y13) -> 9 | AA13: =+Z13*32 -> 288
A14: 6 | B14: ADRIANO MUÑOZ | C14: 5P | L14: 1 | Z14: =+SUM(G14:Y14) -> 1 | AA14: =+Z14*32 -> 32
A15: 7 | B15: AGUSTIN BARBA | C15: 4P | Z15: =+SUM(G15:Y15) -> 0 | AA15: =+Z15*32 -> 0
A16: 8 | B16: AGUSTIN PEREYRA | C16: 5PB | G16: 1 | H16: 1 | I16: 1 | J16: 1 | K16: 1 | L16: 1 | M16: 1 | N16: 1 | O16: 1 | P16: 1 | Q16: 1 | R16: 1 | S16: 1 | T16: 1 | U16: 1 | V16: 1 | W16: 1 | X16: 1 | Z16: =+SUM(G16:Y16) -> 18 | AA16: =+Z16*32 -> 576
A17: 9 | B17: AGUSTINA SANDOVAL | C17: 4PB | G17: 1 | H17: 1 | I17: 1 | J17: 1 | K17: 1 | L17: 1 | M17: 1 | N17: 1 | O17: 1 | P17: 1 | Q17: 1 | R17: 1 | S17: 1 | T17: 1 | U17: 1 | V17: 1 | W17: 1 | X17: 1 | Z17: =+SUM(G17:Y17) -> 18 | AA17: =+Z17*32 -> 576
A18: 10 | B18: AITANA SARDAN | C18: 5P | G18: 1 | H18: 1 | I18: 1 | K18: 1 | L18: 1 | M18: 1 | N18: 1 | O18: 1 | P18: 1 | Q18: 1 | R18: 1 | T18: 1 | U18: 1 | V18: 1 | X18: 1 | Z18: =+SUM(G18:Y18) -> 15 | AA18: =+Z18*32 -> 480
A19: 11 | B19: ALEXANDER VON BORRIES | C19: 4PB | G19: 1 | H19: 1 | I19: 1 | J19: 1 | K19: 1 | L19: 1 | M19: 1 | N19: 0 | O19: 0 | P19: 1 | Q19: 1 | R19: 1 | S19: 1 | T19: 1 | U19: 1 | V19: 1 | W19: 1 | X19: 1 | Z19: =+SUM(G19:Y19) -> 16 | AA19: =+Z19*32 -> 512
A20: 12 | B20: ALICE RAFAELA NOVILLO | C20: 4PB | W20: 1 | X20: 1 | Z20: =+SUM(G20:Y20) -> 2 | AA20: =+Z20*32 -> 64
A21: 13 | B21: ANDRES AÑEZ | C21: 5PA | F21: TODOS LOS LUNES - AGOSTO TB | G21: 1 | J21: 1 | O21: 1 | R21: 1 | T21: 1 | V21: 1 | W21: 1 | X21: 1 | Z21: =+SUM(G21:Y21) -> 8 | AA21: =+Z21*32 -> 256
A22: 14 | B22: ANIKA MARTINEZ | C22: 5PA | F22: LUNCH + MERIENDA/MENU FIT/HASTA EL 30 DE SEPT | G22: 1 | H22: 1 | I22: 1 | J22: 1 | K22: 1 | L22: 1 | M22: 1 | N22: 1 | O22: 1 | P22: 1 | Q22: 1 | R22: 1 | S22: 1 | T22: 1 | U22: 1 | V22: 1 | W22: 1 | X22: 1 | Z22: =+SUM(G22:Y22) -> 18 | AA22: =+Z22*32 -> 576
A23: 15 | B23: ANITA IRIARTE | C23: 4PB | G23: 1 | J23: 1 | K23: 1 | L23: 1 | P23: 1 | R23: 1 | S23: 1 | T23: 1 | U23: 1 | V23: 1 | W23: 1 | X23: 1 | Z23: =+SUM(G23:Y23) -> 12 | AA23: =+Z23*32 -> 384
A24: 16 | B24: ANTONIA NUMBERG | C24: 4PB | F24: LUNCH + MERIENDA | G24: 1 | H24: 1 | I24: 1 | J24: 1 | K24: 1 | L24: 1 | M24: 1 | N24: 1 | O24: 1 | P24: 1 | Q24: 1 | R24: 1 | S24: 1 | T24: 1 | U24: 1 | V24: 1 | W24: 1 | X24: 1 | Z24: =+SUM(G24:Y24) -> 18 | AA24: =+Z24*32 -> 576
A25: 17 | B25: AMBER MORGAN | C25: 4PA | G25: 1 | H25: 1 | I25: 1 | J25: 1 | K25: 1 | L25: 1 | M25: 1 | N25: 1 | O25: 1 | P25: 1 | Q25: 1 | R25: 1 | S25: 1 | T25: 1 | U25: 1 | V25: 1 | W25: 1 | X25: 1 | Z25: =+SUM(G25:Y25) -> 18 | AA25: =+Z25*32 -> 576
A26: 18 | B26: ALEXIA MORGAN | C26: 6PB | F26: MENU FIT | G26: 1 | H26: 1 | I26: 1 | J26: 1 | K26: 1 | L26: 1 | M26: 1 | N26: 1 | O26: 1 | P26: 1 | Q26: 1 | R26: 1 | S26: 1 | T26: 1 | U26: 1 | V26: 1 | W26: 1 | X26: 1 | Z26: =+SUM(G26:Y26) -> 18 | AA26: =+Z26*32 -> 576
A27: 19 | B27: ALINA ARCE | C27: 4P | Z27: =+SUM(G27:Y27) -> 0 | AA27: =+Z27*32 -> 0
A28: 20 | B28: ANTONELLA LEHM SORIA | C28: 5PB | G28: 1 | H28: 1 | I28: 1 | J28: 1 | K28: 1 | L28: 1 | M28: 1 | N28: 1 | O28: 1 | P28: 1 | Q28: 1 | R28: 1 | S28: 1 | T28: 1 | U28: 1 | V28: 1 | W28: 1 | X28: 1 | Z28: =+SUM(G28:Y28) -> 18 | AA28: =+Z28*32 -> 576
A29: 21 | B29: ARIANA HANDAL | C29: 4PA | N29: 1 | Z29: =+SUM(G29:Y29) -> 1 | AA29: =+Z29*32 -> 32
A30: 22 | B30: ARI SCHAYMAN | C30: 5PA | G30: 1 | H30: 1 | I30: 1 | J30: 1 | K30: 1 | L30: 1 | M30: 1 | N30: 1 | O30: 1 | P30: 1 | Q30: 1 | R30: 1 | S30: 1 | T30: 1 | U30: 1 | V30: 1 | W30: 1 | X30: 1 | Z30: =+SUM(G30:Y30) -> 18 | AA30: =+Z30*32 -> 576
A31: 23 | B31: ARIANA REVILLA | C31: 6PB | Z31: =+SUM(G31:Y31) -> 0 | AA31: =+Z31*32 -> 0
A32: 24 | B32: ARIUS BAUTISTA | C32: 5PB | Z32: =+SUM(G32:Y32) -> 0 | AA32: =+Z32*32 -> 0
A33: 25 | B33: BRUNA ECHART | C33: 4P | J33: 1 | T33: 1 | Z33: =+SUM(G33:Y33) -> 2 | AA33: =+Z33*32 -> 64
A34: 26 | B34: BRUNO VACA PEREIRA | C34: 6PA | F34: LUNES Y VIERNES DE TODO AGOSTO | G34: 1 | J34: 1 | N34: 1 | O34: 1 | S34: 1 | T34: 1 | X34: 1 | Z34: =+SUM(G34:Y34) -> 7 | AA34: =+Z34*32 -> 224
A35: 27 | B35: CAMILA ROCA MANCIA | C35: 4P | I35: 1 | Z35: =+SUM(G35:Y35) -> 1 | AA35: =+Z35*32 -> 32
A36: 28 | B36: CANDY PACHECO | C36: 4P | G36: 1 | H36: 1 | I36: 1 | J36: 1 | K36: 1 | L36: 1 | M36: 1 | N36: 1 | O36: 1 | P36: 1 | Q36: 1 | R36: 1 | S36: 1 | T36: 1 | U36: 1 | V36: 1 | W36: 1 | X36: 1 | Z36: =+SUM(G36:Y36) -> 18 | AA36: =+Z36*32 -> 576
A37: 29 | B37: CATALINA OSTRIA | C37: 4PB | G37: 1 | L37: 1 | O37: 1 | T37: 1 | W37: 1 | Z37: =+SUM(G37:Y37) -> 5 | AA37: =+Z37*32 -> 160
A38: 30 | B38: CATALINA SUAREZ | C38: 5PB | S38: 1 | Z38: =+SUM(G38:Y38) -> 1 | AA38: =+Z38*32 -> 32
A39: 31 | B39: CATARINA ALMEIDA | C39: 4P | G39: 1 | H39: 1 | M39: 1 | N39: 1 | O39: 1 | P39: 1 | Q39: 1 | R39: 1 | S39: 1 | T39: 1 | U39: 1 | V39: 1 | W39: 1 | X39: 1 | Z39: =+SUM(G39:Y39) -> 14 | AA39: =+Z39*32 -> 448
A40: 32 | B40: CARLOS ANDRE AÑEZ | C40: 5P | Z40: =+SUM(G40:Y40) -> 0 | AA40: =+Z40*32 -> 0
A41: 33 | B41: CAYETANA AQUIM | C41: 4P | F41: LUNES/MIERCOLES/VIERNES | G41: 1 | I41: 1 | J41: 1 | L41: 1 | M41: 1 | N41: 1 | O41: 1 | Q41: 1 | S41: 1 | T41: 1 | U41: 1 | V41: 0 | W41: 1 | X41: 1 | Z41: =+SUM(G41:Y41) -> 13 | AA41: =+Z41*32 -> 416
A42: 34 | B42: DAMINA KHOUBBAKHT | C42: 4PB | G42: 1 | H42: 1 | I42: 1 | J42: 1 | K42: 1 | L42: 1 | M42: 1 | N42: 1 | Z42: =+SUM(G42:Y42) -> 8 | AA42: =+Z42*32 -> 256
A43: 35 | B43: DANIEL MENDEZ | C43: 4PB | G43: 1 | J43: 1 | T43: 1 | Z43: =+SUM(G43:Y43) -> 3 | AA43: =+Z43*32 -> 96
A44: 36 | B44: DASHA ALIS | C44: 5PB | F44: DEBE 5 DIAS DE JULIO | G44: 1 | H44: 1 | I44: 1 | J44: 1 | K44: 1 | L44: 1 | M44: 1 | N44: 1 | O44: 1 | P44: 1 | Q44: 1 | R44: 1 | S44: 1 | T44: 1 | U44: 1 | V44: 1 | W44: 1 | X44: 1 | Z44: =+SUM(G44:Y44) -> 18 | AA44: =+Z44*32 -> 576
A45: 37 | B45: DAVID PEREDO | Z45: =+SUM(G45:Y45) -> 0 | AA45: =+Z45*32 -> 0
A46: 38 | B46: DAVID EMANUEL RIVERO | C46: 6P | G46: 1 | H46: 1 | I46: 1 | J46: 1 | K46: 1 | L46: 1 | M46: 1 | N46: 1 | O46: 1 | P46: 1 | Q46: 1 | S46: 1 | T46: 1 | U46: 1 | V46: 1 | W46: 0 | X46: 1 | Z46: =+SUM(G46:Y46) -> 16 | AA46: =+Z46*32 -> 512
A47: 39 | B47: DONATELLA ALIS | C47: 5PA | F47: DEBE 5 DIAS DE JULIO | G47: 1 | H47: 1 | I47: 1 | J47: 1 | K47: 1 | L47: 1 | M47: 1 | N47: 1 | O47: 1 | P47: 1 | Q47: 1 | R47: 1 | S47: 1 | T47: 1 | U47: 1 | V47: 1 | W47: 1 | X47: 1 | Z47: =+SUM(G47:Y47) -> 18 | AA47: =+Z47*32 -> 576
A48: 40 | B48: EMA NACIF ZALZER | C48: 6PB | G48: 1 | H48: 1 | I48: 1 | J48: 1 | K48: 1 | L48: 1 | M48: 1 | N48: 1 | O48: 1 | P48: 1 | Q48: 1 | R48: 1 | S48: 1 | T48: 1 | U48: 1 | V48: 1 | W48: 1 | X48: 1 | Z48: =+SUM(G48:Y48) -> 18 | AA48: =+Z48*32 -> 576
A49: 41 | B49: ENRIQUE CRONEMBOLD | C49: 5P | Z49: =+SUM(G49:Y49) -> 0 | AA49: =+Z49*32 -> 0
A50: 42 | B50: ENZO SEGOVIA ZAMBONINO | C50: 6PB | G50: 1 | H50: 1 | I50: 1 | J50: 1 | K50: 1 | L50: 1 | M50: 1 | N50: 1 | O50: 1 | P50: 1 | Q50: 1 | R50: 1 | S50: 1 | T50: 1 | U50: 1 | V50: 1 | W50: 1 | X50: 1 | Z50: =+SUM(G50:Y50) -> 18 | AA50: =+Z50*32 -> 576
A51: 43 | B51: ENZO VELASCO | C51: 6P | Z51: =+SUM(G51:Y51) -> 0 | AA51: =+Z51*32 -> 0
A52: 44 | B52: EVIE DAVIES | C52: 5PA | F52: COBRAR AL ABUELO | G52: 1 | H52: 1 | I52: 1 | J52: 1 | K52: 1 | L52: 1 | M52: 1 | N52: 1 | O52: 1 | P52: 1 | Q52: 1 | R52: 1 | S52: 1 | T52: 1 | U52: 1 | V52: 1 | W52: 1 | X52: 1 | Z52: =+SUM(G52:Y52) -> 18 | AA52: =+Z52*32 -> 576
A53: 45 | B53: FEDERICO KEMPFF | C53: 6PA | F53: LUNCH + MERIENDA | G53: 1 | H53: 1 | I53: 1 | J53: 1 | K53: 1 | L53: 1 | M53: 1 | N53: 1 | O53: 1 | P53: 1 | Q53: 1 | R53: 1 | S53: 1 | T53: 1 | U53: 1 | V53: 1 | W53: 1 | X53: 1 | Z53: =+SUM(G53:Y53) -> 18 | AA53: =+Z53*32 -> 576
A54: 46 | B54: FELIPE MEDINA | C54: 5PA | G54: 1 | H54: 1 | I54: 1 | J54: 1 | K54: 1 | L54: 1 | M54: 1 | N54: 1 | O54: 1 | P54: 1 | Q54: 1 | R54: 1 | S54: 1 | T54: 1 | U54: 1 | V54: 1 | W54: 1 | X54: 1 | Z54: =+SUM(G54:Y54) -> 18 | AA54: =+Z54*32 -> 576
A55: 47 | B55: FRANCISCO ARCE | C55: 4PBS | Z55: =+SUM(G55:Y55) -> 0 | AA55: =+Z55*32 -> 0
A56: 48 | B56: FRANCESCA MURILO | C56: 6PB | G56: 1 | I56: 1 | J56: 1 | L56: 1 | M56: 1 | N56: 1 | O56: 1 | P56: 1 | Q56: 1 | R56: 1 | S56: 1 | T56: 1 | U56: 1 | V56: 0 | W56: 1 | X56: 1 | Z56: =+SUM(G56:Y56) -> 15 | AA56: =+Z56*32 -> 480
A57: 49 | B57: FRANCISCO VALENCIA | C57: 6PA | G57: 1 | H57: 1 | I57: 1 | J57: 1 | K57: 1 | L57: 1 | M57: 1 | N57: 1 | P57: 1 | Q57: 1 | R57: 1 | S57: 1 | T57: 1 | U57: 1 | V57: 1 | W57: 1 | X57: 1 | Z57: =+SUM(G57:Y57) -> 17 | AA57: =+Z57*32 -> 544
A58: 50 | B58: FRANCO CIANCAGLINI | C58: 5PB | Z58: =+SUM(G58:Y58) -> 0 | AA58: =+Z58*32 -> 0
A59: 51 | B59: FRANCO CLAURE | C59: 4P | Z59: =+SUM(G59:Y59) -> 0 | AA59: =+Z59*32 -> 0
A60: 52 | B60: FRANCO FERNANDEZ | C60: 5P | N60: 1 | Z60: =+SUM(G60:Y60) -> 1 | AA60: =+Z60*32 -> 32
A61: 53 | B61: FRANCO OLLER | C61: 6PA | R61: 1 | S61: 1 | X61: 1 | Z61: =+SUM(G61:Y61) -> 3 | AA61: =+Z61*32 -> 96
A62: 54 | B62: GAIL LOZA | C62: 6PA | G62: 1 | H62: 1 | I62: 1 | J62: 1 | K62: 1 | L62: 1 | M62: 1 | N62: 1 | O62: 1 | P62: 1 | Q62: 1 | R62: 1 | S62: 1 | T62: 1 | U62: 1 | V62: 1 | W62: 1 | X62: 1 | Z62: =+SUM(G62:Y62) -> 18 | AA62: =+Z62*32 -> 576
A63: 55 | B63: HERMAN MOSKALEV | C63: 6PB | Z63: =+SUM(G63:Y63) -> 0 | AA63: =+Z63*32 -> 0
A64: 56 | B64: IGNACIO SUAREZ | C64: 6PB | S64: 1 | Z64: =+SUM(G64:Y64) -> 1 | AA64: =+Z64*32 -> 32
A65: 57 | B65: IÑIGO ISAIAS | C65: 4PA | Z65: =+SUM(G65:Y65) -> 0 | AA65: =+Z65*32 -> 0
A66: 58 | B66: ISABELLA CASTRO | C66: 4PA | Z66: =+SUM(G66:Y66) -> 0 | AA66: =+Z66*32 -> 0
A67: 59 | B67: ISABELLA CASTRO GUTIERREZ | C67: 6PA | H67: 1 | I67: 1 | J67: 1 | K67: 1 | L67: 1 | M67: 1 | N67: 1 | O67: 1 | P67: 1 | Q67: 1 | R67: 1 | S67: 1 | T67: 1 | U67: 1 | V67: 1 | W67: 1 | X67: 1 | Z67: =+SUM(G67:Y67) -> 17 | AA67: =+Z67*32 -> 544
A68: 60 | B68: ISABELA MORILLO | C68: 5P | M68: 1 | Z68: =+SUM(G68:Y68) -> 1 | AA68: =+Z68*32 -> 32
A69: 61 | B69: IGNACIO OSTRIA | C69: 6P | Z69: =+SUM(G69:Y69) -> 0 | AA69: =+Z69*32 -> 0
A70: 62 | B70: ISABELLA PINEDA | C70: 6PA | F70: MIRANDA CESPEDES DEBE DE TORTA | G70: 1 | H70: 1 | I70: 1 | J70: 1 | K70: 1 | L70: 1 | M70: 1 | N70: 1 | R70: 1 | S70: 1 | T70: 1 | U70: 1 | V70: 1 | Z70: =+SUM(G70:Y70) -> 13 | AA70: =+Z70*32 -> 416
A71: 63 | B71: ISADORA ALMEIDA | C71: 6PA | G71: 1 | H71: 1 | J71: 1 | K71: 1 | L71: 1 | M71: 1 | N71: 1 | O71: 1 | P71: 1 | Q71: 1 | R71: 1 | S71: 1 | T71: 1 | U71: 1 | V71: 1 | W71: 1 | X71: 1 | Z71: =+SUM(G71:Y71) -> 17 | AA71: =+Z71*32 -> 544
A72: 64 | B72: JEREMY BLINDER | C72: 6P | Z72: =+SUM(G72:Y72) -> 0 | AA72: =+Z72*32 -> 0
A73: 65 | B73: JUAN ANDRES AÑEZ | C73: 5PA | G73: 1 | H73: 1 | I73: 1 | J73: 1 | K73: 1 | L73: 1 | M73: 1 | Q73: 1 | R73: 1 | T73: 1 | U73: 1 | V73: 1 | W73: 1 | X73: 1 | Z73: =+SUM(G73:Y73) -> 14 | AA73: =+Z73*32 -> 448
A74: 66 | B74: JUAN BACARREZA | C74: 5P | Z74: =+SUM(G74:Y74) -> 0 | AA74: =+Z74*32 -> 0
A75: 67 | B75: JORGE ARZE | C75: 5P | Z75: =+SUM(G75:Y75) -> 0 | AA75: =+Z75*32 -> 0
A76: 68 | B76: JOSE EMILIO SALDIAS | C76: 6PB | G76: 1 | H76: 1 | I76: 1 | J76: 1 | K76: 1 | L76: 1 | M76: 1 | N76: 1 | O76: 1 | P76: 1 | Q76: 1 | R76: 1 | S76: 1 | T76: 1 | U76: 1 | V76: 1 | W76: 1 | X76: 1 | Z76: =+SUM(G76:Y76) -> 18 | AA76: =+Z76*32 -> 576
A77: 69 | B77: JOSE LUIS PEREDO | C77: 5PB | F77: LUNCH + MERIENDA | G77: 1 | H77: 1 | I77: 1 | J77: 1 | K77: 1 | L77: 1 | M77: 1 | N77: 1 | O77: 1 | P77: 1 | Q77: 1 | R77: 1 | S77: 1 | T77: 1 | U77: 1 | V77: 1 | W77: 1 | X77: 1 | Z77: =+SUM(G77:Y77) -> 18 | AA77: =+Z77*32 -> 576
A78: 70 | B78: JULIETA CAMACHO | C78: 6PA | Q78: 1 | R78: 1 | S78: 1 | T78: 1 | U78: 1 | V78: 1 | W78: 1 | X78: 1 | Z78: =+SUM(G78:Y78) -> 8 | AA78: =+Z78*32 -> 256
A79: 71 | B79: JULIETA DURAN | C79: 4P | Z79: =+SUM(G79:Y79) -> 0 | AA79: =+Z79*32 -> 0
A80: 72 | B80: JULIETA JUSTINIANO FERRA | C80: 5PB | G80: 1 | H80: 1 | I80: 1 | O80: 1 | P80: 1 | Q80: 1 | R80: 1 | S80: 1 | Z80: =+SUM(G80:Y80) -> 8 | AA80: =+Z80*32 -> 256
A81: 73 | B81: LUCAS KLAPP | C81: 5P | Z81: =+SUM(G81:Y81) -> 0 | AA81: =+Z81*32 -> 0
A82: 74 | B82: LEANDRO ESTATUTI | C82: 4PB | G82: 1 | H82: 1 | I82: 1 | J82: 1 | K82: 1 | L82: 1 | M82: 1 | N82: 1 | O82: 1 | P82: 1 | Q82: 1 | R82: 1 | S82: 1 | Z82: =+SUM(G82:Y82) -> 13 | AA82: =+Z82*32 -> 416
A83: 75 | B83: LEON VALDEZ | C83: 4P | F83: NO LASAGNA | G83: 1 | H83: 1 | I83: 1 | J83: 1 | K83: 1 | L83: 1 | M83: 1 | N83: 1 | O83: 1 | P83: 1 | Q83: 1 | R83: 1 | S83: 1 | T83: 1 | U83: 1 | V83: 1 | W83: 1 | X83: 1 | Z83: =+SUM(G83:Y83) -> 18 | AA83: =+Z83*32 -> 576
A84: 76 | B84: LUIS SANTIAGO SALDIAS | C84: 5PA | F84: 13 LMUERZOS PARA SEPT. | G84: 1 | H84: 1 | I84: 1 | J84: 1 | K84: 1 | L84: 1 | M84: 1 | N84: 1 | O84: 1 | P84: 1 | Q84: 1 | R84: 1 | S84: 1 | T84: 1 | U84: 0 | V84: 0 | W84: 0 | Z84: =+SUM(G84:Y84) -> 14 | AA84: =+Z84*32 -> 448
A85: 77 | B85: LUCIA PINELL | C85: 4P | Z85: =+SUM(G85:Y85) -> 0 | AA85: =+Z85*32 -> 0
A86: 78 | B86: LUCAS PEREYRA | C86: 4PA | K86: 1 | M86: 0 | P86: 1 | R86: 1 | U86: 1 | V86: 1 | W86: 1 | Z86: =+SUM(G86:Y86) -> 6 | AA86: =+Z86*32 -> 192
A87: 79 | B87: LUCIA WEIDLING | C87: 6P | Z87: =+SUM(G87:Y87) -> 0 | AA87: =+Z87*32 -> 0
A88: 80 | B88: LUCIANA SAAVEDRA | C88: 6PA | G88: 1 | H88: 1 | I88: 1 | J88: 1 | K88: 1 | L88: 1 | M88: 1 | N88: 1 | Q88: 1 | R88: 1 | S88: 1 | T88: 1 | U88: 1 | V88: 1 | W88: 1 | X88: 1 | Z88: =+SUM(G88:Y88) -> 16 | AA88: =+Z88*32 -> 512
A89: 81 | B89: LUCIENNE ARRUE | C89: 4P | Z89: =+SUM(G89:Y89) -> 0 | AA89: =+Z89*32 -> 0
A90: 82 | B90: LUIS ENRIQUE GALVAN | C90: 5PB | Z90: =+SUM(G90:Y90) -> 0 | AA90: =+Z90*32 -> 0
A91: 83 | B91: LUIS ESTEBAN JUSTINIANO | C91: 5PB | Z91: =+SUM(G91:Y91) -> 0 | AA91: =+Z91*32 -> 0
A92: 84 | B92: MACARENA PESTANA | C92: 5P | Z92: =+SUM(G92:Y92) -> 0 | AA92: =+Z92*32 -> 0
A93: 85 | B93: MARCELY QUIROGA | C93: 4PA | Z93: =+SUM(G93:Y93) -> 0 | AA93: =+Z93*32 -> 0
A94: 86 | B94: MARIA JOSE ARROYAVE | C94: 4PA | Z94: =+SUM(G94:Y94) -> 0 | AA94: =+Z94*32 -> 0
A95: 87 | B95: MARIA NUÑEZ MATIENZO | C95: 5P | Z95: =+SUM(G95:Y95) -> 0 | AA95: =+Z95*32 -> 0
A96: 88 | B96: MARIANO CHAVEZ | C96: 4PA | Z96: =+SUM(G96:Y96) -> 0 | AA96: =+Z96*32 -> 0
A97: 89 | B97: MARIANO MARTINEZ | C97: 5PA | I97: 1 | J97: 1 | L97: 1 | M97: 1 | N97: 1 | O97: 1 | R97: 1 | T97: 1 | Z97: =+SUM(G97:Y97) -> 8 | AA97: =+Z97*32 -> 256
A98: 90 | B98: MARTINA CONTRERAS | C98: 5P | Z98: =+SUM(G98:Y98) -> 0 | AA98: =+Z98*32 -> 0
A99: 91 | B99: MARTINA PAZ | C99: 5PA | G99: 1 | T99: 1 | Z99: =+SUM(G99:Y99) -> 2 | AA99: =+Z99*32 -> 64
A100: 92 | B100: MARIA VICTORIA FORONDA | C100: 4P | Z100: =+SUM(G100:Y100) -> 0 | AA100: =+Z100*32 -> 0
A101: 93 | B101: MARTINA MANRIQUE | C101: 6P | G101: 1 | H101: 1 | I101: 1 | J101: 1 | K101: 1 | L101: 1 | M101: 1 | N101: 1 | O101: 1 | P101: 1 | Q101: 1 | R101: 1 | S101: 1 | T101: 1 | U101: 1 | V101: 1 | W101: 1 | X101: 1 | Z101: =+SUM(G101:Y101) -> 18 | AA101: =+Z101*32 -> 576
A102: 94 | B102: MATIAS RICO | C102: 4PA | Z102: =+SUM(G102:Y102) -> 0 | AA102: =+Z102*32 -> 0
A103: 95 | B103: MAURICIO WENDE | C103: 6PB | G103: 1 | H103: 1 | I103: 1 | J103: 1 | K103: 1 | L103: 1 | M103: 1 | N103: 1 | O103: 1 | P103: 1 | Q103: 1 | R103: 1 | S103: 1 | T103: 1 | U103: 1 | V103: 1 | W103: 1 | X103: 1 | Z103: =+SUM(G103:Y103) -> 18 | AA103: =+Z103*32 -> 576
...

Sheet 12;00
A1: HORARIO ESCOLAR 12:00
A5: Nro. | B5: ALUMNO | C5: CURSO | D5: FECHA INICIO | E5: FECHA FIN | F5: OBSERVACIONES | G5: AGOSTO | Z5: PLATOS VENDIDOS | AA5: PLATOS VENDIDOS EN BS
G6: L | H6: M | I6: M | J6: L | K6: M | L6: M | M6: J | N6: V | O6: L | P6: M | Q6: M | R6: J | S6: V | T6: L | U6: M | V6: M | W6: J | X6: V | Y6: L
G7: 1 | H7: 2 | I7: 3 | J7: 4 | K7: 5 | L7: 6 | M7: 7 | N7: 8 | O7: 9 | P7: 10 | Q7: 11 | R7: 12 | S7: 13 | T7: 14 | U7: 15 | V7: 16 | W7: 17 | X7: 18 | Y7: 19
G8: 3 | H8: 4 | I8: 5 | J8: 10 | K8: 11 | L8: 12 | M8: 13 | N8: 14 | O8: 17 | P8: 18 | Q8: 19 | R8: 20 | S8: 21 | T8: 24 | U8: 25 | V8: 26 | W8: 27 | X8: 28 | Y8: 31
A9: 1 | B9: ADRI FERRERO | C9: 3P | Z9: =+SUM(G9:Y9) -> 0 | AA9: =+Z9*32 -> 0
A10: 2 | B10: ADRIELYV GONG PACO | C10: 2P | G10: 1 | H10: 1 | I10: 0 | M10: 1 | N10: 0 | O10: 1 | P10: 0 | Q10: 1 | R10: 1 | T10: 1 | W10: 0 | X10: 1 | Z10: =+SUM(G10:Y10) -> 8 | AA10: =+Z10*32 -> 256
A11: 3 | B11: ADRIANA VILLAVICENCIO | C11: 2PB | F11: DEBE MERIENDA | Z11: =+SUM(G11:Y11) -> 0 | AA11: =+Z11*32 -> 0
A12: 4 | B12: AITANA KNEZ | C12: 1P | I12: 1 | X12: 1 | Z12: =+SUM(G12:Y12) -> 2 | AA12: =+Z12*32 -> 64
A13: 5 | B13: AUSTIN HUANG | C13: 3P | Z13: =+SUM(G13:Y13) -> 0 | AA13: =+Z13*32 -> 0
A14: 6 | B14: AGUSTIN SUBIRANA | C14: 3P | F14: FACTURAR | Z14: =+SUM(G14:Y14) -> 0 | AA14: =+Z14*32 -> 0
A15: 7 | B15: AGUSTIN SALINAS | C15: 3P | Z15: =+SUM(G15:Y15) -> 0 | AA15: =+Z15*32 -> 0
A16: 8 | B16: AGUSTIN PINELL | C16: 2PB | Z16: =+SUM(G16:Y16) -> 0 | AA16: =+Z16*32 -> 0
A17: 9 | B17: AUGUSTO NUMBERG | C17: 2PB | F17: ALMUERZO + SNACK/PEDIR COMPROBANTE DE LUNCH | G17: 1 | H17: 1 | I17: 1 | J17: 1 | K17: 1 | L17: 1 | M17: 1 | N17: 1 | O17: 1 | P17: 1 | Q17: 1 | R17: 1 | S17: 1 | T17: 1 | U17: 1 | V17: 1 | W17: 1 | X17: 1 | Z17: =+SUM(G17:Y17) -> 18 | AA17: =+Z17*32 -> 576
A18: 10 | B18: ALHENA TALAMAS | C18: 2PB | Z18: =+SUM(G18:Y18) -> 0 | AA18: =+Z18*32 -> 0
A19: 11 | B19: ALISSA ZACHARIAS MENACHO | C19: 2P | Z19: =+SUM(G19:Y19) -> 0 | AA19: =+Z19*32 -> 0
A20: 12 | B20: ALESSANDRA BARBA | C20: 1P | F20: NO PECETO/NO MAJADITO/NO BURRITO/NO MILA | G20: 1 | H20: 1 | I20: 1 | J20: 1 | K20: 1 | L20: 1 | M20: 1 | N20: 1 | O20: 1 | P20: 1 | Q20: 1 | R20: 1 | S20: 1 | T20: 1 | U20: 1 | V20: 1 | W20: 1 | X20: 1 | Z20: =+SUM(G20:Y20) -> 18 | AA20: =+Z20*32 -> 576
A21: 13 | B21: ALEXANDRA ARNEZ | C21: 1P | Z21: =+SUM(G21:Y21) -> 0 | AA21: =+Z21*32 -> 0
A22: 14 | B22: ALONSO CASTRO | C22: 2P | M22: 1 | Q22: 1 | U22: 1 | Z22: =+SUM(G22:Y22) -> 3 | AA22: =+Z22*32 -> 96
A23: 15 | B23: AlONSO PAZ | C23: 1P | N23: 1 | X23: 1 | Z23: =+SUM(G23:Y23) -> 2 | AA23: =+Z23*32 -> 64
A24: 16 | B24: ALMA ISAIS | C24: 2PB | Z24: =+SUM(G24:Y24) -> 0 | AA24: =+Z24*32 -> 0
A25: 17 | B25: AVRIL NACIF | C25: 1PB | F25: HAMBURGUESA SIN SALSA | G25: 1 | H25: 1 | I25: 1 | J25: 1 | K25: 1 | L25: 1 | M25: 1 | N25: 1 | O25: 1 | P25: 1 | Q25: 1 | T25: 1 | U25: 1 | V25: 1 | W25: 1 | X25: 1 | Z25: =+SUM(G25:Y25) -> 16 | AA25: =+Z25*32 -> 512
A26: 18 | B26: AMANDA CASTEDO | C26: 3PB | Z26: =+SUM(G26:Y26) -> 0 | AA26: =+Z26*32 -> 0
A27: 19 | B27: AMELIA MOLINA | C27: 2P | F27: NO BURRITO | Z27: =+SUM(G27:Y27) -> 0 | AA27: =+Z27*32 -> 0
A28: 20 | B28: ANA CATALINA ASBUN | C28: 3P | Z28: =+SUM(G28:Y28) -> 0 | AA28: =+Z28*32 -> 0
A29: 21 | B29: ANDROS COCHAMADINIS | C29: 1PA | G29: 1 | K29: 1 | O29: 1 | T29: 1 | X29: 1 | Z29: =+SUM(G29:Y29) -> 5 | AA29: =+Z29*32 -> 160
A30: 22 | B30: ANIA CALVO | C30: 1PA | Z30: =+SUM(G30:Y30) -> 0 | AA30: =+Z30*32 -> 0
A31: 23 | B31: ANTONIO DUARTE | C31: 3P | O31: 1 | P31: 1 | Q31: 1 | R31: 1 | S31: 1 | T31: 1 | U31: 1 | V31: 1 | W31: 1 | X31: 1 | Z31: =+SUM(G31:Y31) -> 10 | AA31: =+Z31*32 -> 320
A32: 24 | B32: ANA FABIA SALINAS | C32: 2P | Z32: =+SUM(G32:Y32) -> 0 | AA32: =+Z32*32 -> 0
A33: 25 | B33: BALTAZAR VERGARA | C33: 3P | F33: MENU FIT - SOLO FRUTA DE POSTRE | G33: 1 | H33: 1 | I33: 1 | J33: 1 | K33: 1 | L33: 1 | M33: 1 | N33: 1 | O33: 1 | P33: 1 | Q33: 1 | R33: 1 | S33: 1 | T33: 1 | U33: 1 | V33: 1 | W33: 1 | X33: 1 | Z33: =+SUM(G33:Y33) -> 18 | AA33: =+Z33*32 -> 576
A34: 26 | B34: BARRETT CHESHIER | C34: 3P | G34: 1 | H34: 1 | I34: 1 | J34: 1 | K34: 1 | L34: 1 | M34: 1 | N34: 1 | O34: 1 | P34: 1 | Q34: 1 | R34: 1 | S34: 1 | T34: 1 | U34: 1 | V34: 1 | W34: 1 | X34: 1 | Z34: =+SUM(G34:Y34) -> 18 | AA34: =+Z34*32 -> 576
A35: 27 | B35: BENJAMIN HANDAL | C35: 1PB | N35: 1 | Z35: =+SUM(G35:Y35) -> 1 | AA35: =+Z35*32 -> 32
A36: 28 | B36: BENJAMI LUPO | C36: 2P | Z36: =+SUM(G36:Y36) -> 0 | AA36: =+Z36*32 -> 0
A37: 29 | B37: BLANCA GIRONAS | C37: 3P | Z37: =+SUM(G37:Y37) -> 0 | AA37: =+Z37*32 -> 0
A38: 30 | B38: BRADLEY MORGAN | C38: 2P | G38: 1 | H38: 1 | I38: 1 | J38: 1 | K38: 1 | L38: 1 | M38: 1 | N38: 1 | O38: 1 | P38: 1 | Q38: 1 | R38: 1 | S38: 1 | T38: 1 | U38: 1 | V38: 1 | W38: 1 | X38: 1 | Z38: =+SUM(G38:Y38) -> 18 | AA38: =+Z38*32 -> 576
A39: 31 | B39: CARLOTA RIBA | C39: 3PB | F39: NO BURRITO | G39: 1 | H39: 1 | I39: 1 | J39: 1 | K39: 1 | L39: 1 | M39: 1 | N39: 1 | O39: 1 | P39: 1 | Q39: 1 | R39: 1 | S39: 1 | T39: 1 | U39: 1 | V39: 0 | W39: 1 | X39: 1 | Z39: =+SUM(G39:Y39) -> 17 | AA39: =+Z39*32 -> 544
A40: 32 | B40: CATALINA ASBUN | C40: 3P | Z40: =+SUM(G40:Y40) -> 0 | AA40: =+Z40*32 -> 0
A41: 33 | B41: CATALINA LEYTON | C41: 1P | J41: 1 | M41: 1 | Z41: =+SUM(G41:Y41) -> 2 | AA41: =+Z41*32 -> 64
A42: 34 | B42: CATALINA SALAZAR | C42: 2P | G42: 1 | H42: 1 | I42: 1 | J42: 1 | K42: 1 | M42: 1 | N42: 1 | O42: 1 | P42: 1 | Q42: 1 | R42: 1 | S42: 1 | T42: 1 | U42: 1 | V42: 1 | W42: 1 | X42: 1 | Z42: =+SUM(G42:Y42) -> 17 | AA42: =+Z42*32 -> 544
A43: 35 | B43: CAMILA SPECHAR | C43: 2P | F43: NO KEPERÍ/NO MAJADITO/NO PANINI | G43: 1 | H43: 1 | I43: 1 | J43: 1 | K43: 1 | L43: 1 | M43: 1 | N43: 1 | O43: 1 | P43: 1 | Q43: 1 | R43: 1 | S43: 1 | T43: 1 | U43: 1 | V43: 1 | W43: 1 | X43: 1 | Z43: =+SUM(G43:Y43) -> 18 | AA43: =+Z43*32 -> 576
A44: 36 | B44: CARLOS EDUARDO ROJAS | C44: 1P | F44: NO CHEESEBURGER/NO TALLARÍN | G44: 1 | H44: 1 | I44: 1 | J44: 1 | K44: 1 | L44: 1 | M44: 1 | N44: 1 | O44: 1 | P44: 1 | Q44: 1 | R44: 1 | S44: 1 | T44: 1 | U44: 1 | V44: 1 | W44: 1 | X44: 1 | Z44: =+SUM(G44:Y44) -> 18 | AA44: =+Z44*32 -> 576
A45: 37 | B45: CRISTIAN NAVARRO BROWN | C45: 3PB | F45: NO LASAGNA | G45: 1 | H45: 1 | I45: 1 | K45: 1 | L45: 1 | M45: 1 | N45: 1 | O45: 1 | P45: 1 | R45: 1 | S45: 1 | T45: 1 | U45: 1 | V45: 1 | W45: 1 | X45: 1 | Z45: =+SUM(G45:Y45) -> 16 | AA45: =+Z45*32 -> 512
A46: 38 | B46: DAYRAW VEDIA | C46: 1P | F46: NO LASAGNA/PAGO HASTA SEPT | G46: 1 | H46: 1 | I46: 1 | J46: 1 | K46: 1 | L46: 1 | M46: 1 | N46: 1 | O46: 1 | P46: 1 | Q46: 1 | R46: 1 | S46: 1 | T46: 1 | U46: 1 | V46: 1 | W46: 1 | X46: 1 | Z46: =+SUM(G46:Y46) -> 18 | AA46: =+Z46*32 -> 576
A47: 39 | B47: DIEGO VERGARA | C47: 2PA | F47: SOLO FRUTA DE POSTRE + ENSALADA | G47: 1 | H47: 1 | I47: 1 | J47: 1 | K47: 1 | L47: 1 | M47: 1 | N47: 1 | O47: 1 | P47: 1 | Q47: 1 | R47: 1 | S47: 1 | T47: 1 | U47: 1 | V47: 1 | W47: 1 | X47: 1 | Z47: =+SUM(G47:Y47) -> 18 | AA47: =+Z47*32 -> 576
A48: 40 | B48: DIEVAS BAUTISTA | C48: 3P | G48: 1 | H48: 1 | J48: 1 | O48: 1 | T48: 1 | Z48: =+SUM(G48:Y48) -> 5 | AA48: =+Z48*32 -> 160
A49: 41 | B49: DOMIQUE DUARTE | C49: 2PB | O49: 1 | P49: 1 | Q49: 1 | R49: 1 | S49: 1 | T49: 1 | U49: 1 | V49: 1 | W49: 1 | X49: 1 | Z49: =+SUM(G49:Y49) -> 10 | AA49: =+Z49*32 -> 320
A50: 42 | B50: ELA CALVO | C50: 1PB | Z50: =+SUM(G50:Y50) -> 0 | AA50: =+Z50*32 -> 0
A51: 43 | B51: ELIOT LINALE | C51: 3P | G51: 1 | L51: 1 | N51: 1 | X51: 1 | Z51: =+SUM(G51:Y51) -> 4 | AA51: =+Z51*32 -> 128
A52: 44 | B52: ELSA POLO NARANJO | C52: 3P | F52: NO BURRITO | G52: 1 | H52: 1 | I52: 1 | J52: 1 | K52: 1 | L52: 1 | M52: 1 | N52: 1 | O52: 1 | P52: 1 | Q52: 1 | R52: 1 | S52: 1 | T52: 1 | U52: 1 | V52: 1 | W52: 1 | X52: 1 | Z52: =+SUM(G52:Y52) -> 18 | AA52: =+Z52*32 -> 576
A53: 45 | B53: EMMA VICTORIA DAJER | C53: 3P | Z53: =+SUM(G53:Y53) -> 0 | AA53: =+Z53*32 -> 0
A54: 46 | B54: EMILIA ZHANG | C54: 3PB | I54: 0 | Z54: =+SUM(G54:Y54) -> 0 | AA54: =+Z54*32 -> 0
A55: 47 | B55: FABRICIO ROCA | C55: 1P | Z55: =+SUM(G55:Y55) -> 0 | AA55: =+Z55*32 -> 0
A56: 48 | B56: FEDERICO ARAMAYO | C56: 2PB | F56: REGISTRAR TODOS LOS LUNES | G56: 1 | O56: 1 | T56: 1 | Z56: =+SUM(G56:Y56) -> 3 | AA56: =+Z56*32 -> 96
A57: 49 | B57: FELIPE ESPAÑA | C57: 2PB | F57: NO FIDEO | G57: 1 | H57: 1 | I57: 1 | J57: 1 | K57: 1 | L57: 1 | M57: 1 | N57: 1 | O57: 1 | P57: 1 | Q57: 1 | R57: 1 | S57: 1 | T57: 1 | U57: 1 | V57: 1 | W57: 1 | X57: 1 | Z57: =+SUM(G57:Y57) -> 18 | AA57: =+Z57*32 -> 576
A58: 50 | B58: FELIPE VELASCO | C58: 1P | Z58: =+SUM(G58:Y58) -> 0 | AA58: =+Z58*32 -> 0
A59: 51 | B59: FERNANDA GONZALES | C59: 2PB | G59: 1 | H59: 1 | I59: 1 | J59: 1 | K59: 1 | L59: 1 | M59: 1 | N59: 1 | O59: 1 | P59: 1 | Q59: 1 | R59: 1 | S59: 1 | T59: 0 | U59: 1 | V59: 1 | W59: 1 | X59: 1 | Z59: =+SUM(G59:Y59) -> 17 | AA59: =+Z59*32 -> 544
A60: 52 | B60: FLAVIA ESTATUTI | C60: 1PA | F60: MANDAR MENU SNACKS | Z60: =+SUM(G60:Y60) -> 0 | AA60: =+Z60*32 -> 0
A61: 53 | B61: FRANCHESCA RITTER | C61: 1PA | G61: 1 | H61: 1 | I61: 1 | J61: 1 | L61: 1 | N61: 1 | O61: 1 | S61: 1 | T61: 1 | U61: 1 | V61: 1 | Z61: =+SUM(G61:Y61) -> 11 | AA61: =+Z61*32 -> 352
A62: 54 | B62: FRANCO JUSTINIANO | C62: 2P | G62: 1 | H62: 1 | I62: 1 | O62: 1 | P62: 1 | Q62: 1 | R62: 1 | S62: 1 | Z62: =+SUM(G62:Y62) -> 8 | AA62: =+Z62*32 -> 256
A63: 55 | B63: FRANCO MOLINA | C63: 3P | F63: NO LASAGNA | G63: 1 | H63: 1 | I63: 1 | J63: 1 | K63: 1 | L63: 1 | M63: 1 | N63: 1 | O63: 1 | P63: 1 | Q63: 1 | R63: 1 | S63: 1 | T63: 1 | U63: 1 | V63: 1 | W63: 1 | X63: 1 | Z63: =+SUM(G63:Y63) -> 18 | AA63: =+Z63*32 -> 576
A64: 56 | B64: FRANCO TAKUSSI | C64: 2PB | F64: CANCELO HASTA FIN DE AÑO | G64: 1 | H64: 1 | I64: 1 | J64: 1 | K64: 1 | L64: 1 | M64: 1 | N64: 1 | O64: 1 | P64: 1 | Q64: 1 | R64: 1 | S64: 1 | T64: 1 | U64: 1 | V64: 1 | W64: 1 | X64: 1 | Z64: =+SUM(G64:Y64) -> 18 | AA64: =+Z64*32 -> 576
A65: 57 | B65: FRANCHESCA SUESCUN | C65: 1PB | F65: NO MILA/NO CUÑAPE/DEBE 15 DIAS DE MAY + JUNIO | G65: 1 | H65: 1 | I65: 1 | J65: 1 | K65: 1 | L65: 1 | M65: 1 | N65: 1 | O65: 1 | P65: 1 | Q65: 1 | R65: 1 | S65: 1 | T65: 1 | U65: 0 | V65: 0 | W65: 1 | X65: 1 | Z65: =+SUM(G65:Y65) -> 16 | AA65: =+Z65*32 -> 512
A66: 58 | B66: GUILLERMO ARZABE | C66: 1PB | G66: 1 | J66: 1 | O66: 1 | Z66: =+SUM(G66:Y66) -> 3 | AA66: =+Z66*32 -> 96
A67: 59 | B67: HANNA RIVAS | C67: 2P | Z67: =+SUM(G67:Y67) -> 0 | AA67: =+Z67*32 -> 0
A68: 60 | B68: HECTOR MUNDAKA | C68: 1PB | J68: 1
A69: 61 | B69: HELENA ANTONIA JUSTINIANO | C69: 1PA | G69: 1 | H69: 1 | I69: 1 | J69: 1 | K69: 1 | L69: 1 | M69: 1 | N69: 1 | O69: 1 | P69: 1 | Q69: 1 | R69: 1 | S69: 1 | T69: 1 | U69: 1 | V69: 1 | W69: 1 | X69: 1 | Z69: =+SUM(G69:Y69) -> 18 | AA69: =+Z69*32 -> 576
A70: 62 | B70: INI KNEZ | C70: 1PA | F70: SOLO MERIENDITA | G70: 0 | H70: 0 | I70: 0 | J70: 0 | N70: 0 | O70: 0 | P70: 0 | Q70: 0 | U70: 0 | Z70: =+SUM(G70:Y70) -> 0 | AA70: =+Z70*32 -> 0
A71: 63 | B71: IRENE NAVARRO BROWN | C71: 2PA | G71: 1 | H71: 1 | I71: 1 | K71: 1 | L71: 1 | M71: 1 | N71: 1 | O71: 1 | P71: 1 | R71: 1 | S71: 1 | T71: 1 | U71: 1 | V71: 1 | W71: 1 | X71: 1 | Z71: =+SUM(G71:Y71) -> 16 | AA71: =+Z71*32 -> 512
A72: 64 | B72: ISABELLA CASTRO | C72: 3P | Z72: =+SUM(G72:Y72) -> 0 | AA72: =+Z72*32 -> 0
A73: 65 | B73: ISABELLA GONZALES | C73: 2P | Z73: =+SUM(G73:Y73) -> 0 | AA73: =+Z73*32 -> 0
A74: 66 | B74: ISABELA PESTANA | C74: 3P | Z74: =+SUM(G74:Y74) -> 0 | AA74: =+Z74*32 -> 0
A75: 67 | B75: JOAQUIN NAIM | C75: 1PB | P75: 1 | S75: 1 | T75: 1 | U75: 1 | Z75: =+SUM(G75:Y75) -> 4 | AA75: =+Z75*32 -> 128
A76: 68 | B76: JORGE KEFFER | C76: 1P | Z76: =+SUM(G76:Y76) -> 0 | AA76: =+Z76*32 -> 0
A77: 69 | B77: JULIAN GALLARDO | C77: 2PB | P77: 1 | U77: 1 | Z77: =+SUM(G77:Y77) -> 2 | AA77: =+Z77*32 -> 64
A78: 70 | B78: JULIANA RIVERO | C78: 1PB | Z78: =+SUM(G78:Y78) -> 0 | AA78: =+Z78*32 -> 0
A79: 71 | B79: JULIO CESAR ASBUN | C79: 1P | Z79: =+SUM(G79:Y79) -> 0 | AA79: =+Z79*32 -> 0
A80: 72 | B80: KAYSEN HUANG | C80: 2P | Z80: =+SUM(G80:Y80) -> 0 | AA80: =+Z80*32 -> 0
A81: 73 | B81: KYLE AUSTIN HUANG | C81: 2P | Z81: =+SUM(G81:Y81) -> 0 | AA81: =+Z81*32 -> 0
A82: 74 | B82: KEILA PACHECO | C82: 2P | G82: 1 | H82: 1 | I82: 1 | J82: 1 | K82: 1 | L82: 1 | M82: 1 | N82: 1 | O82: 1 | P82: 1 | Q82: 1 | R82: 1 | S82: 1 | T82: 1 | U82: 1 | V82: 1 | W82: 1 | X82: 1 | Z82: =+SUM(G82:Y82) -> 18 | AA82: =+Z82*32 -> 576
A83: 75 | B83: LEANDRO GASTÓN VARGAS | C83: 3PA | F83: SOLO MERIENDA | G83: 0 | H83: 0 | I83: 0 | J83: 0 | K83: 0 | L83: 0 | M83: 0 | N83: 0 | O83: 0 | P83: 0 | Q83: 0 | R83: 0 | S83: 0 | T83: 0 | U83: 0 | V83: 0 | W83: 0 | X83: 0 | Z83: =+SUM(G83:Y83) -> 0 | AA83: =+Z83*32 -> 0
A84: 76 | B84: LEONARDO MARTINEZ | C84: 1PA | F84: LUNCH + MERIENDA/HASTA EL 30 DE SEPT | G84: 1 | H84: 1 | I84: 1 | J84: 1 | K84: 1 | L84: 1 | M84: 1 | N84: 1 | O84: 1 | P84: 1 | Q84: 1 | R84: 1 | S84: 1 | T84: 1 | U84: 1 | V84: 1 | W84: 1 | X84: 1 | Z84: =+SUM(G84:Y84) -> 18 | AA84: =+Z84*32 -> 576
A85: 77 | B85: LEVI MUFF | C85: 1PA | F85: SI MILA DE POLLO | Z85: =+SUM(G85:Y85) -> 0 | AA85: =+Z85*32 -> 0
A86: 78 | B86: LUCIA CHAVEZ | C86: 1P | F86: NO MAJADITO/NO LASAGNA/NO BURRITO/NO BURGER | G86: 1 | H86: 1 | I86: 1 | J86: 1 | K86: 1 | L86: 1 | M86: 1 | N86: 1 | O86: 1 | P86: 1 | Q86: 1 | R86: 1 | S86: 1 | T86: 1 | U86: 1 | V86: 1 | W86: 1 | X86: 1 | Z86: =+SUM(G86:Y86) -> 18 | AA86: =+Z86*32 -> 576
A87: 79 | B87: LUCIANO SUAREZ | C87: 1PA | Z87: =+SUM(G87:Y87) -> 0 | AA87: =+Z87*32 -> 0
A88: 80 | B88: LUCIA GUILLEN | C88: 2P | H88: 1 | I88: 1 | N88: 1 | O88: 1 | T88: 1 | X88: 1 | Z88: =+SUM(G88:Y88) -> 6 | AA88: =+Z88*32 -> 192
A89: 81 | B89: LIA VALERIA PEÑA | C89: 3P | Z89: =+SUM(G89:Y89) -> 0 | AA89: =+Z89*32 -> 0
A90: 82 | B90: LIAM MCPHEE | C90: 1P | G90: 1 | H90: 1 | I90: 1 | J90: 1 | K90: 1 | L90: 1 | M90: 1 | N90: 1 | O90: 1 | P90: 1 | Q90: 1 | R90: 1 | S90: 1 | T90: 1 | U90: 1 | W90: 1 | X90: 1 | Z90: =+SUM(G90:Y90) -> 17 | AA90: =+Z90*32 -> 544
A91: 83 | B91: LUCIANA BALCAZAR | C91: 2PB | G91: 1 | H91: 1 | I91: 1 | J91: 1 | K91: 1 | L91: 1 | M91: 1 | N91: 1 | O91: 1 | P91: 1 | Q91: 1 | R91: 1 | S91: 1 | T91: 1 | U91: 1 | V91: 1 | W91: 1 | X91: 1 | Z91: =+SUM(G91:Y91) -> 18 | AA91: =+Z91*32 -> 576
A92: 84 | B92: LUCAS ARAUJO | C92: 2P | Z92: =+SUM(G92:Y92) -> 0 | AA92: =+Z92*32 -> 0
A93: 85 | B93: LUIS BENJAMIN SEJAS | C93: 1PB | F93: LUNCH + MERIENDA/ DEBE SNACKS - NO MAJADITO | G93: 1 | H93: 1 | I93: 1 | J93: 1 | K93: 1 | L93: 1 | M93: 1 | N93: 1 | O93: 1 | P93: 1 | Q93: 1 | R93: 1 | S93: 1 | T93: 1 | U93: 1 | V93: 1 | W93: 1 | X93: 1 | Z93: =+SUM(G93:Y93) -> 18 | AA93: =+Z93*32 -> 576
A94: 86 | B94: MARCELA MUÑOZ | C94: 2PA | S94: 1 | Z94: =+SUM(G94:Y94) -> 1 | AA94: =+Z94*32 -> 32
A95: 87 | B95: MARTINA CORTEZ | C95: 3P | F95: NO PANINI | G95: 1 | H95: 1 | I95: 1 | J95: 1 | K95: 1 | L95: 1 | M95: 1 | N95: 1 | O95: 1 | P95: 1 | Q95: 1 | R95: 1 | S95: 1 | T95: 1 | U95: 1 | V95: 1 | Z95: =+SUM(G95:Y95) -> 16 | AA95: =+Z95*32 -> 512
A96: 88 | B96: MARTIN FERNANDEZ | C96: 1PA | G96: 1 | L96: 1 | N96: 1 | O96: 0 | Z96: =+SUM(G96:Y96) -> 3 | AA96: =+Z96*32 -> 96
A97: 89 | B97: MARTINA RADIC | C97: 2P | F97: NO CHEESEBURGER | G97: 1 | H97: 1 | I97: 1 | J97: 1 | K97: 1 | L97: 1 | M97: 1 | N97: 1 | O97: 1 | P97: 1 | Q97: 1 | R97: 1 | S97: 1 | T97: 1 | U97: 1 | V97: 1 | W97: 1 | X97: 1 | Z97: =+SUM(G97:Y97) -> 18 | AA97: =+Z97*32 -> 576
A98: 90 | B98: MATEO FERNANDEZ | C98: 2PB | G98: 1 | H98: 1 | I98: 1 | J98: 1 | K98: 1 | L98: 1 | M98: 1 | N98: 1 | O98: 1 | P98: 1 | Q98: 1 | R98: 1 | S98: 1 | T98: 1 | U98: 1 | V98: 1 | W98: 1 | X98: 1 | Z98: =+SUM(G98:Y98) -> 18 | AA98: =+Z98*32 -> 576
A99: 91 | B99: MATEO PEREYRA | C99: 1PB | G99: 1 | H99: 1 | I99: 1 | J99: 1 | K99: 1 | L99: 1 | M99: 1 | N99: 1 | O99: 1 | P99: 1 | Q99: 1 | R99: 1 | S99: 1 | T99: 1 | U99: 1 | V99: 1 | W99: 1 | X99: 1 | Z99: =+SUM(G99:Y99) -> 18 | AA99: =+Z99*32 -> 576
A100: 92 | B100: MARIA LIA PEREZ | C100: 3P | Z100: =+SUM(G100:Y100) -> 0 | AA100: =+Z100*32 -> 0
A101: 93 | B101: MARIANO PARADA | C101: 1P | F101: MERIENDA SOLO LUNES | G101: 1 | H101: 1 | I101: 1 | J101: 1 | K101: 1 | L101: 1 | M101: 1 | N101: 1 | O101: 1 | P101: 1 | Q101: 1 | R101: 1 | S101: 1 | T101: 1 | U101: 1 | V101: 1 | W101: 1 | X101: 1 | Z101: =+SUM(G101:Y101) -> 18 | AA101: =+Z101*32 -> 576
A102: 94 | B102: MARIANO ECHAZU | C102: 1PB | F102: NO CORDON BLUE | G102: 1 | H102: 1 | I102: 1 | J102: 1 | K102: 1 | L102: 1 | M102: 1 | N102: 1 | O102: 1 | Z102: =+SUM(G102:Y102) -> 9 | AA102: =+Z102*32 -> 288
A103: 95 | B103: MARIO VALENZUELA | C103: 1PB | G103: 1 | H103: 1 | I103: 1 | J103: 1 | K103: 1 | L103: 1 | M103: 1 | N103: 1 | P103: 1 | Q103: 1 | R103: 1 | S103: 1 | U103: 1 | V103: 1 | W103: 1 | X103: 1 | Z103: =+SUM(G103:Y103) -> 16 | AA103: =+Z103*32 -> 512
...

Sheet 12;40
A1: HORARIO ESCOLAR 12:40
A5: Nro | B5: ALUMNO | C5: CURSO | D5: FECHA INICIO | E5: FECHA FIN | F5: OBSERVACIONES | G5: AGOSTO | Z5: PLATOS VENDIDOS | AA5: PLATOS VENDIDOS EN BS
G6: L | H6: M | I6: M | J6: L | K6: M | L6: M | M6: J | N6: V | O6: L | P6: M | Q6: M | R6: J | S6: V | T6: L | U6: M | V6: M | W6: J | X6: V | Y6: L
G7: 1 | H7: 2 | I7: 3 | J7: 4 | K7: 5 | L7: 6 | M7: 7 | N7: 8 | O7: 9 | P7: 10 | Q7: 11 | R7: 12 | S7: 13 | T7: 14 | U7: 15 | V7: 16 | W7: 17 | X7: 18 | Y7: 19
G8: 3 | H8: 4 | I8: 5 | J8: 10 | K8: 11 | L8: 12 | M8: 13 | N8: 14 | O8: 17 | P8: 18 | Q8: 19 | R8: 20 | S8: 21 | T8: 24 | U8: 25 | V8: 26 | W8: 27 | X8: 28 | Y8: 31
A9: 1 | B9: ALDO FORTI | C9: 2S | G9: 1 | H9: 1 | J9: 1 | K9: 1 | L9: 1 | M9: 1 | N9: 1 | O9: 1 | P9: 1 | Q9: 1 | R9: 1 | S9: 1 | T9: 1 | U9: 1 | V9: 1 | W9: 1 | X9: 1 | Z9: =+SUM(G9:Y9) -> 17 | AA9: =+Z9*35 -> 595
A10: 2 | B10: ALONSO VIERA | C10: 1S | G10: 1 | J10: 1 | O10: 1 | T10: 1 | Z10: =+SUM(G10:Y10) -> 4 | AA10: =+Z10*35 -> 140
A11: 3 | B11: AARON JUSTINIANO | C11: 1S | G11: 1 | H11: 1 | J11: 1 | K11: 1 | L11: 1 | M11: 1 | N11: 1 | O11: 1 | P11: 1 | Q11: 1 | R11: 1 | S11: 1 | T11: 1 | U11: 1 | V11: 1 | W11: 1 | X11: 1 | Z11: =+SUM(G11:Y11) -> 17 | AA11: =+Z11*35 -> 595
A12: 4 | B12: ALDANA PEREDO | C12: 1S | G12: 1 | N12: 1 | V12: 1 | Z12: =+SUM(G12:Y12) -> 3 | AA12: =+Z12*35 -> 105
A13: 5 | B13: ALVARO RODRIGUEZ EZEQUIEL | C13: 1S | Q13: 1 | Z13: =+SUM(G13:Y13) -> 1 | AA13: =+Z13*35 -> 35
A14: 6 | B14: AMANDA CIRBIAN | C14: 1S | Z14: =+SUM(G14:Y14) -> 0 | AA14: =+Z14*35 -> 0
A15: 7 | B15: AMANDA CANTIN | C15: 1S | J15: 1 | K15: 1 | L15: 1 | M15: 1 | N15: 1 | O15: 1 | P15: 1 | Q15: 1 | R15: 1 | S15: 1 | T15: 1 | U15: 1 | V15: 1 | W15: 1 | X15: 1 | Z15: =+SUM(G15:Y15) -> 15 | AA15: =+Z15*35 -> 525
A16: 8 | B16: AMANDA VALLE | C16: 1S | H16: 1 | J16: 1 | L16: 1 | O16: 1 | R16: 1 | Z16: =+SUM(G16:Y16) -> 5 | AA16: =+Z16*35 -> 175
A17: 9 | B17: ANA LUCIA QUINTELA | C17: 6S | T17: 1 | Z17: =+SUM(G17:Y17) -> 1 | AA17: =+Z17*35 -> 35
A18: 10 | B18: ANA FABIA PARADA | C18: 1S | G18: 1 | J18: 1 | N18: 1 | O18: 1 | Z18: =+SUM(G18:Y18) -> 4 | AA18: =+Z18*35 -> 140
A19: 11 | B19: ANA MARIA ARROYAVE | C19: 1S | F19: FACTURAR | G19: 1 | K19: 1 | P19: 1 | Q19: 1 | Z19: =+SUM(G19:Y19) -> 4 | AA19: =+Z19*35 -> 140
A20: 12 | B20: ANA SOFIA NARVAEZ | C20: 1S | T20: 1 | Z20: =+SUM(G20:Y20) -> 1 | AA20: =+Z20*35 -> 35
A21: 13 | B21: ANDRES RICO | C21: 1S | Z21: =+SUM(G21:Y21) -> 0 | AA21: =+Z21*35 -> 0
A22: 14 | B22: ADRIAN TERCEROS | C22: 6S | O22: 1
A23: 15 | B23: AGUSTINA REVILLA | C23: 6S | Z23: =+SUM(G23:Y23) -> 0 | AA23: =+Z23*35 -> 0
A24: 16 | B24: AGUSTINA VALENCIA | C24: 2S | G24: 1 | H24: 1 | J24: 1 | K24: 1 | L24: 1 | M24: 1 | N24: 1 | O24: 1 | P24: 1 | Q24: 1 | R24: 1 | S24: 1 | T24: 1 | U24: 1 | V24: 1 | W24: 1 | X24: 1 | Z24: =+SUM(G24:Y24) -> 17 | AA24: =+Z24*35 -> 595
A25: 17 | B25: ALICIA LINALE | C25: 2S | G25: 1 | J25: 1 | L25: 1 | N25: 1 | O25: 1 | X25: 1 | Z25: =+SUM(G25:Y25) -> 6 | AA25: =+Z25*35 -> 210
A26: 18 | B26: ALIYAH CESPEDES | C26: 6S | H26: 1 | L26: 1 | M26: 1 | O26: 1 | R26: 1 | T26: 1 | Z26: =+SUM(G26:Y26) -> 6 | AA26: =+Z26*35 -> 210
A27: 19 | B27: ALEXIA QUIROGA | C27: 6S | F27: MENU FIT | G27: 1 | H27: 1 | J27: 1 | K27: 1 | L27: 1 | M27: 1 | N27: 1 | O27: 1 | P27: 1 | Q27: 1 | R27: 1 | S27: 1 | T27: 1 | U27: 1 | V27: 1 | W27: 1 | X27: 1 | Z27: =+SUM(G27:Y27) -> 17 | AA27: =+Z27*35 -> 595
A28: 20 | B28: ANTONIO SORIA | C28: 6S | G28: 1 | J28: 1 | M28: 1 | S28: 1 | Z28: =+SUM(G28:Y28) -> 4 | AA28: =+Z28*35 -> 140
A29: 21 | B29: ARIANA RIVAS | C29: 1S | Z29: =+SUM(G29:Y29) -> 0 | AA29: =+Z29*35 -> 0
A30: 22 | B30: AZUL MARTINEZ | C30: 2SA | Z30: =+SUM(G30:Y30) -> 0 | AA30: =+Z30*35 -> 0
A31: 23 | B31: BENJAMIN RIVERO | C31: 1S | Z31: =+SUM(G31:Y31) -> 0 | AA31: =+Z31*35 -> 0
A32: 24 | B32: BRUNO COMPANY | C32: 2S | Z32: =+SUM(G32:Y32) -> 0 | AA32: =+Z32*35 -> 0
A33: 25 | B33: BRUNO PATIÑO | C33: 1S | F33: DEBE 5 DIAS DE JULIO | G33: 1 | H33: 1 | J33: 0 | K33: 0 | L33: 1 | M33: 0 | N33: 0 | O33: 0 | P33: 1 | Q33: 0 | R33: 1 | S33: 1 | T33: 1 | U33: 1 | V33: 1 | W33: 0 | X33: 1 | Z33: =+SUM(G33:Y33) -> 10 | AA33: =+Z33*35 -> 350
A34: 26 | B34: BRUNA GUTIERREZ | C34: 1S | G34: 1 | K34: 1 | M34: 1 | O34: 1 | T34: 1 | Z34: =+SUM(G34:Y34) -> 5 | AA34: =+Z34*35 -> 175
A35: 27 | B35: CAMILA KIARA MAMANI | C35: 1S | F35: ENVIAR QR/MENU FIT/DEBE 5 DIAS D JULIO | G35: 1 | H35: 1 | J35: 1 | K35: 1 | L35: 1 | M35: 1 | N35: 1 | O35: 1 | P35: 1 | Q35: 1 | R35: 1 | S35: 1 | T35: 1 | U35: 1 | V35: 1 | W35: 1 | X35: 1 | Z35: =+SUM(G35:Y35) -> 17 | AA35: =+Z35*35 -> 595
A36: 28 | B36: CAMILA CADARIO | C36: 6S | G36: 1 | H36: 1 | J36: 1 | K36: 1 | M36: 1 | O36: 1 | P36: 1 | Q36: 1 | T36: 1 | U36: 1 | V36: 1 | W36: 1 | X36: 1 | Z36: =+SUM(G36:Y36) -> 13 | AA36: =+Z36*35 -> 455
A37: 29 | B37: CAMILA RODRIGUEZ | C37: 6S | Z37: =+SUM(G37:Y37) -> 0 | AA37: =+Z37*35 -> 0
A38: 30 | B38: CAMILA ROSALES | C38: 6S | F38: FACTURAR | G38: 1 | H38: 1 | J38: 1 | K38: 1 | L38: 1 | M38: 1 | N38: 1 | O38: 1 | P38: 1 | Q38: 1 | R38: 1 | S38: 1 | T38: 1 | U38: 1 | V38: 1 | W38: 1 | X38: 1 | Z38: =+SUM(G38:Y38) -> 17 | AA38: =+Z38*35 -> 595
A39: 31 | B39: CATALINA MORALES | C39: 6S | F39: MENU FIT | G39: 1 | H39: 1 | J39: 1 | K39: 1 | L39: 1 | M39: 1 | N39: 1 | O39: 1 | P39: 1 | U39: 1 | V39: 1 | W39: 1 | X39: 1 | Z39: =+SUM(G39:Y39) -> 13 | AA39: =+Z39*35 -> 455
A40: 32 | B40: CHLOE DEDROOG | C40: 2S | Z40: =+SUM(G40:Y40) -> 0 | AA40: =+Z40*35 -> 0
A41: 33 | B41: CRISTOPHER VON BORRIES | C41: 1S | G41: 1 | H41: 1 | J41: 1 | K41: 1 | L41: 1 | M41: 1 | N41: 1 | O41: 1 | P41: 1 | Q41: 1 | R41: 1 | S41: 1 | T41: 1 | U41: 1 | V41: 1 | W41: 1 | X41: 1 | Z41: =+SUM(G41:Y41) -> 17 | AA41: =+Z41*35 -> 595
A42: 34 | B42: DAMOON KHOUBBAKHT | C42: 1SB | G42: 1 | H42: 1 | J42: 1 | K42: 1 | L42: 1 | M42: 1 | N42: 1 | Z42: =+SUM(G42:Y42) -> 7 | AA42: =+Z42*35 -> 245
A43: 35 | B43: DARIO GUTIERREZ | C43: 2S | G43: 1 | H43: 1 | J43: 1 | K43: 1 | L43: 1 | M43: 1 | N43: 1 | O43: 1 | P43: 1 | Q43: 1 | R43: 1 | S43: 1 | T43: 1 | U43: 1 | V43: 1 | W43: 1 | X43: 1 | Z43: =+SUM(G43:Y43) -> 17 | AA43: =+Z43*35 -> 595
A44: 36 | B44: DARIO MORENO | C44: 2SA | J44: 1 | M44: 1 | O44: 0 | R44: 1 | T44: 1 | W44: 0 | Z44: =+SUM(G44:Y44) -> 4 | AA44: =+Z44*35 -> 140
A45: 37 | B45: DIEGO ALONSO VEGA | C45: 2S | H45: 1 | O45: 1 | P45: 1 | Q45: 1 | R45: 1 | S45: 1 | T45: 1 | U45: 1 | V45: 1 | W45: 1 | X45: 1 | Z45: =+SUM(G45:Y45) -> 11 | AA45: =+Z45*35 -> 385
A46: 38 | B46: DOLLY LOPEZ | C46: 2S | F46: NO PIQUE MACHO/ INTERCALAR POLLO Y BIFE/DEBE | G46: 1 | H46: 1 | J46: 1 | K46: 1 | L46: 1 | M46: 1 | N46: 1 | O46: 1 | P46: 1 | Q46: 1 | R46: 1 | S46: 1 | T46: 1 | U46: 1 | V46: 1 | W46: 1 | X46: 1 | Z46: =+SUM(G46:Y46) -> 17 | AA46: =+Z46*35 -> 595
A47: 39 | B47: EMILIANA RODRIGUEZ | C47: 2S | Z47: =+SUM(G47:Y47) -> 0 | AA47: =+Z47*35 -> 0
A48: 40 | B48: EMANUEL MENDEZ | C48: 1S | G48: 1 | J48: 1 | T48: 1 | Z48: =+SUM(G48:Y48) -> 3 | AA48: =+Z48*35 -> 105
A49: 41 | B49: EMA GARAFULIC | C49: 2S | Z49: =+SUM(G49:Y49) -> 0 | AA49: =+Z49*35 -> 0
A50: 42 | B50: FABIANA PACHECO | C50: 1S | O50: 1 | Q50: 1 | V50: 1 | Z50: =+SUM(G50:Y50) -> 3 | AA50: =+Z50*35 -> 105
A51: 43 | B51: FHARID GALVIS | C51: 1SB | G51: 1 | H51: 1 | J51: 1 | K51: 1 | L51: 1 | M51: 1 | N51: 1 | P51: 1 | Q51: 0 | R51: 1 | S51: 1 | T51: 1 | U51: 1 | V51: 1 | W51: 1 | X51: 1 | Z51: =+SUM(G51:Y51) -> 15 | AA51: =+Z51*35 -> 525
A52: 44 | B52: FEDERICO MEYER DIAZ | C52: 1S | Z52: =+SUM(G52:Y52) -> 0 | AA52: =+Z52*35 -> 0
A53: 45 | B53: FELIPE NAVARRO | C53: 1S | F53: LUNES Y VIERNES | Z53: =+SUM(G53:Y53) -> 0 | AA53: =+Z53*35 -> 0
A54: 46 | B54: FERNANDA ALVIS | C54: 6S | F54: MENU FIT | G54: 1 | H54: 1 | J54: 1 | K54: 1 | L54: 1 | M54: 1 | N54: 1 | O54: 1 | P54: 0 | Q54: 0 | R54: 0 | S54: 0 | T54: 1 | U54: 1 | V54: 1 | W54: 1 | X54: 1 | Z54: =+SUM(G54:Y54) -> 13 | AA54: =+Z54*35 -> 455
A55: 47 | B55: FERNANDO AGUIRRE | C55: 2S | G55: 1 | H55: 1 | J55: 1 | K55: 1 | L55: 1 | M55: 1 | N55: 1 | O55: 1 | P55: 1 | Q55: 1 | R55: 1 | S55: 1 | T55: 1 | U55: 1 | V55: 1 | W55: 1 | X55: 1 | Z55: =+SUM(G55:Y55) -> 17 | AA55: =+Z55*35 -> 595
A56: 48 | B56: FLORENCIA SUAREZ | C56: 2S | F56: DEBE 2 DIAS JULIO | G56: 1 | J56: 1 | O56: 1 | U56: 1 | Z56: =+SUM(G56:Y56) -> 4 | AA56: =+Z56*35 -> 140
A57: 49 | B57: FRANCESCA ANTELO | C57: 1S | G57: 1 | H57: 1 | J57: 1 | K57: 1 | L57: 1 | M57: 1 | N57: 1 | O57: 1 | P57: 1 | Q57: 1 | R57: 1 | S57: 1 | T57: 1 | U57: 1 | V57: 1 | W57: 1 | X57: 1 | Z57: =+SUM(G57:Y57) -> 17 | AA57: =+Z57*35 -> 595
A58: 50 | B58: FRANCO BALDIVIESO | C58: 2S | G58: 1 | H58: 1 | J58: 1 | K58: 1 | L58: 1 | M58: 1 | N58: 1 | O58: 1 | P58: 1 | Q58: 1 | R58: 1 | S58: 1 | T58: 1 | U58: 1 | V58: 1 | W58: 1 | X58: 1 | Z58: =+SUM(G58:Y58) -> 17 | AA58: =+Z58*35 -> 595
A59: 51 | B59: FRANCO JUSTINIANO | C59: 6S | G59: 1 | H59: 1 | J59: 1 | K59: 1 | L59: 1 | M59: 1 | N59: 1 | O59: 1 | P59: 1 | S59: 1 | T59: 1 | U59: 1 | V59: 1 | W59: 1 | X59: 1 | Z59: =+SUM(G59:Y59) -> 15 | AA59: =+Z59*35 -> 525
A60: 52 | B60: GABRIELA PAREJAS | C60: 2S | G60: 1 | H60: 1 | J60: 1 | K60: 1 | L60: 1 | M60: 1 | N60: 1 | O60: 1 | P60: 1 | Q60: 1 | R60: 1 | S60: 1 | T60: 1 | U60: 1 | V60: 1 | W60: 1 | X60: 1 | Z60: =+SUM(G60:Y60) -> 17 | AA60: =+Z60*35 -> 595
A61: 53 | B61: GINA ANTONELLA MARQUEZ | C61: 1S | G61: 1 | H61: 1 | K61: 1 | O61: 1 | T61: 1 | U61: 1 | V61: 1 | W61: 1 | X61: 1 | Z61: =+SUM(G61:Y61) -> 9 | AA61: =+Z61*35 -> 315
A62: 54 | B62: GIULIANNA DEL CAMPO | C62: 6S | F62: TOLERANCIA POR MIGRAÑA | Z62: =+SUM(G62:Y62) -> 0 | AA62: =+Z62*35 -> 0
A63: 55 | B63: HANS CALDERON | C63: 1S | J63: 1 | Z63: =+SUM(G63:Y63) -> 1 | AA63: =+Z63*35 -> 35
A64: 56 | B64: HENRIQUE MURANO | C64: 2S | G64: 1 | H64: 1 | J64: 1 | K64: 1 | L64: 1 | M64: 1 | N64: 1 | O64: 1 | P64: 1 | Q64: 1 | R64: 1 | S64: 1 | T64: 1 | U64: 1 | V64: 1 | W64: 1 | X64: 1 | Z64: =+SUM(G64:Y64) -> 17 | AA64: =+Z64*35 -> 595
A65: 57 | B65: IGNACION OSTRIA | C65: 1SB | G65: 1 | O65: 1 | T65: 1 | W65: 1 | Z65: =+SUM(G65:Y65) -> 4 | AA65: =+Z65*35 -> 140
A66: 58 | B66: ILAN GUILLEN | C66: 1S | K66: 1 | L66: 1 | M66: 1 | N66: 1 | Q66: 1 | R66: 1 | S66: 1 | T66: 1 | U66: 1 | V66: 1 | W66: 1 | X66: 1 | Z66: =+SUM(G66:Y66) -> 12 | AA66: =+Z66*35 -> 420
A67: 59 | B67: IRENE DIAZ | C67: 2S | G67: 1 | H67: 1 | J67: 1 | K67: 1 | L67: 1 | M67: 1 | N67: 1 | O67: 1 | P67: 1 | Q67: 1 | R67: 1 | S67: 1 | T67: 1 | U67: 1 | V67: 1 | W67: 1 | X67: 1 | Z67: =+SUM(G67:Y67) -> 17 | AA67: =+Z67*35 -> 595
A68: 60 | B68: IRENE JAHNSEN | C68: 2S | F68: MENU FIT | G68: 1 | H68: 1 | J68: 1 | K68: 1 | L68: 1 | M68: 1 | N68: 1 | O68: 1 | P68: 1 | Q68: 1 | R68: 1 | S68: 1 | T68: 1 | U68: 1 | V68: 1 | W68: 1 | X68: 1 | Z68: =+SUM(G68:Y68) -> 17 | AA68: =+Z68*35 -> 595
A69: 61 | B69: ISABELA CASTELLANOS | C69: 6S | J69: 1 | O69: 1 | W69: 1 | Z69: =+SUM(G69:Y69) -> 3 | AA69: =+Z69*35 -> 105
A70: 62 | B70: ISABELLE MOLINA | C70: 2S | L70: 1 | Z70: =+SUM(G70:Y70) -> 1 | AA70: =+Z70*35 -> 35
A71: 63 | B71: IVANA VERA | C71: 6S | G71: 1 | K71: 1 | Z71: =+SUM(G71:Y71) -> 2 | AA71: =+Z71*35 -> 70
A72: 64 | B72: JOAQUIN ARZE | C72: 2S | G72: 1 | H72: 1 | J72: 1 | K72: 1 | L72: 1 | M72: 1 | N72: 1 | O72: 1 | P72: 1 | Q72: 1 | R72: 1 | S72: 1 | T72: 1 | U72: 1 | V72: 1 | W72: 1 | X72: 1 | Z72: =+SUM(G72:Y72) -> 17 | AA72: =+Z72*35 -> 595
A73: 65 | B73: JOHN BLINDER | C73: 2S | G73: 1 | H73: 1 | J73: 1 | K73: 1 | L73: 1 | M73: 1 | N73: 1 | O73: 1 | P73: 1 | Q73: 1 | R73: 1 | S73: 1 | T73: 1 | U73: 1 | V73: 1 | W73: 1 | X73: 1 | Z73: =+SUM(G73:Y73) -> 17 | AA73: =+Z73*35 -> 595
A74: 66 | B74: JORGE BALCAZAR | C74: 6S | G74: 1 | H74: 1 | K74: 1 | L74: 1 | M74: 1 | N74: 1 | O74: 1 | P74: 1 | R74: 1 | S74: 1 | T74: 1 | U74: 1 | V74: 1 | W74: 1 | X74: 1 | Z74: =+SUM(G74:Y74) -> 15 | AA74: =+Z74*35 -> 525
A75: 67 | B75: JOAQUIN LOPEZ | C75: 6S | W75: 1 | Z75: =+SUM(G75:Y75) -> 1 | AA75: =+Z75*35 -> 35
A76: 68 | B76: JOSE ERNESTO LOAYZA | C76: 6S | Z76: =+SUM(G76:Y76) -> 0 | AA76: =+Z76*35 -> 0
A77: 69 | B77: JULIO FARID NACIF | C77: 6S | G77: 1 | H77: 1 | J77: 1 | K77: 1 | L77: 1 | M77: 1 | N77: 1 | O77: 1 | P77: 1 | Q77: 1 | R77: 1 | S77: 1 | T77: 1 | U77: 1 | V77: 1 | W77: 1 | X77: 1 | Z77: =+SUM(G77:Y77) -> 17 | AA77: =+Z77*35 -> 595
A78: 70 | B78: JULIETA LANTERI | C78: 2S | Z78: =+SUM(G78:Y78) -> 0 | AA78: =+Z78*35 -> 0
A79: 71 | B79: JUAN JOSE SALDIAS | C79: 2S | Z79: =+SUM(G79:Y79) -> 0 | AA79: =+Z79*35 -> 0
A80: 72 | B80: LETICIA SILVIA | C80: 6S | F80: MENU FIT | G80: 1 | H80: 1 | J80: 1 | K80: 1 | L80: 1 | M80: 1 | N80: 1 | O80: 1 | P80: 1 | Q80: 0 | R80: 0 | S80: 0 | T80: 1 | U80: 1 | V80: 1 | W80: 1 | X80: 1 | Z80: =+SUM(G80:Y80) -> 14 | AA80: =+Z80*35 -> 490
A81: 73 | B81: LEONARDO SALAZAR CASTEDO | C81: 1S | G81: 1 | H81: 1 | J81: 1 | K81: 1 | M81: 1 | N81: 1 | O81: 1 | P81: 1 | Q81: 1 | R81: 1 | S81: 1 | T81: 1 | U81: 1 | V81: 1 | W81: 1 | X81: 1 | Z81: =+SUM(G81:Y81) -> 16 | AA81: =+Z81*35 -> 560
A82: 74 | B82: LEONARDO SERRANO | C82: 1S | G82: 1 | H82: 1 | J82: 1 | K82: 1 | L82: 1 | M82: 1 | N82: 1 | O82: 1 | P82: 1 | Q82: 1 | R82: 1 | S82: 1 | T82: 1 | U82: 1 | V82: 1 | W82: 1 | X82: 1 | Z82: =+SUM(G82:Y82) -> 17 | AA82: =+Z82*35 -> 595
A83: 75 | B83: LEONARDO TAVERA | C83: 1S | G83: 1 | K83: 1 | O83: 1 | S83: 1 | T83: 1 | X83: 1 | Z83: =+SUM(G83:Y83) -> 6 | AA83: =+Z83*35 -> 210
A84: 76 | B84: LORENZO AMORIM | C84: 2S | G84: 1 | H84: 1 | J84: 1 | K84: 1 | L84: 1 | M84: 1 | N84: 1 | O84: 1 | P84: 1 | Q84: 1 | R84: 1 | S84: 1 | T84: 1 | U84: 1 | V84: 1 | W84: 1 | X84: 1 | Z84: =+SUM(G84:Y84) -> 17 | AA84: =+Z84*35 -> 595
A85: 77 | B85: LOURDES DURAN | C85: 1S | Z85: =+SUM(G85:Y85) -> 0 | AA85: =+Z85*35 -> 0
A86: 78 | B86: LUCAS BELMONTE | C86: 1S | Z86: =+SUM(G86:Y86) -> 0 | AA86: =+Z86*35 -> 0
A87: 79 | B87: LUCIANA CARTAGENA | C87: 6S | F87: COBRAR A STUDENT 62890003 | Z87: =+SUM(G87:Y87) -> 0 | AA87: =+Z87*35 -> 0
A88: 80 | B88: LOLA COSTA | C88: 2S | N88: 1 | P88: 1 | Z88: =+SUM(G88:Y88) -> 2 | AA88: =+Z88*35 -> 70
A89: 81 | B89: LUCAS DANIEL SAAVEDRA | C89: 2S | Z89: =+SUM(G89:Y89) -> 0 | AA89: =+Z89*35 -> 0
A90: 82 | B90: LUCAS DE LIMA | C90: 1S | Z90: =+SUM(G90:Y90) -> 0 | AA90: =+Z90*35 -> 0
A91: 83 | B91: LUCIANA ANGULO | C91: 1S | O91: 1 | Z91: =+SUM(G91:Y91) -> 1 | AA91: =+Z91*35 -> 35
A92: 84 | B92: LUCIANO CHEN | C92: 2S | Z92: =+SUM(G92:Y92) -> 0 | AA92: =+Z92*35 -> 0
A93: 85 | B93: LUCIANA RUBIN | C93: 6S | F93: MENU FIT | G93: 1 | H93: 1 | J93: 1 | K93: 1 | L93: 1 | M93: 1 | N93: 1 | O93: 1 | P93: 0 | Q93: 0 | R93: 0 | S93: 0 | T93: 1 | U93: 1 | V93: 1 | W93: 1 | X93: 1 | Z93: =+SUM(G93:Y93) -> 13 | AA93: =+Z93*35 -> 455
A94: 86 | B94: MARIA BELEN TAVERA | C94: 2S | G94: 1 | H94: 1 | J94: 1 | N94: 1 | O94: 1 | P94: 1 | Q94: 1 | R94: 1 | S94: 1 | T94: 1 | U94: 1 | W94: 1 | X94: 1 | Z94: =+SUM(G94:Y94) -> 13 | AA94: =+Z94*35 -> 455
A95: 87 | B95: MARIA FERNANDA DEL FORNO | C95: 1S | G95: 1 | J95: 1 | K95: 1 | L95: 1 | M95: 1 | N95: 1 | O95: 1 | P95: 1 | Q95: 1 | R95: 1 | S95: 1 | T95: 1 | Z95: =+SUM(G95:Y95) -> 12 | AA95: =+Z95*35 -> 420
A96: 88 | B96: MARIA VICTORIA PARADA | C96: 2S | G96: 1 | H96: 1 | J96: 1 | K96: 1 | L96: 1 | M96: 1 | N96: 1 | O96: 1 | P96: 1 | Q96: 1 | R96: 1 | S96: 1 | T96: 1 | U96: 1 | V96: 1 | W96: 1 | X96: 1 | Z96: =+SUM(G96:Y96) -> 17 | AA96: =+Z96*35 -> 595
A97: 89 | B97: MARTINA COMPANY | C97: 1SA | Z97: =+SUM(G97:Y97) -> 0 | AA97: =+Z97*35 -> 0
A98: 90 | B98: MARIETTA SCHIRMER | C98: 6S | J98: 1 | M98: 1 | W98: 1 | Z98: =+SUM(G98:Y98) -> 3 | AA98: =+Z98*35 -> 105
A99: 91 | B99: MATEO ANTELO | C99: 2S | G99: 1 | H99: 1 | I99: 1 | P99: 1 | Q99: 1 | R99: 1 | S99: 1 | T99: 1 | U99: 1 | V99: 1 | W99: 1 | X99: 1 | Z99: =+SUM(G99:Y99) -> 12 | AA99: =+Z99*35 -> 420
A100: 92 | B100: MATEO ANGULO | C100: 1SB | J100: 1 | O100: 1 | U100: 1 | Z100: =+SUM(G100:Y100) -> 3 | AA100: =+Z100*35 -> 105
A101: 93 | B101: MATEO CIRBIAN | C101: 6S | G101: 1 | H101: 1 | J101: 1 | K101: 1 | L101: 1 | M101: 1 | N101: 1 | O101: 1 | P101: 1 | Q101: 1 | R101: 1 | S101: 1 | T101: 1 | U101: 1 | V101: 1 | W101: 1 | X101: 1 | Z101: =+SUM(G101:Y101) -> 17 | AA101: =+Z101*35 -> 595
A102: 94 | B102: MATEO CORONADO | C102: 2S | H102: 1 | J102: 1 | K102: 1 | L102: 1 | M102: 1 | N102: 1 | O102: 1 | P102: 1 | Q102: 1 | R102: 1 | S102: 1 | T102: 1 | U102: 1 | V102: 1 | W102: 1 | X102: 1 | Z102: =+SUM(G102:Y102) -> 16 | AA102: =+Z102*35 -> 560
A103: 95 | B103: MAURO LAFUENTE MERCADO | Z103: =+SUM(G103:Y103) -> 0 | AA103: =+Z103*35 -> 0
...

Sheet 13;05
A1: HORARIO ESCOLAR 13:05
A5: Nro. | B5: ALUMNO | C5: CURSO | D5: FECHA INICIO | E5: FECHA FIN | F5: OBSERVACIONES | G5: AGOSTO | Z5: PLATOS VENDIDOS | AA5: PLATOS VENDIDOS EN BS
G6: L | H6: M | I6: M | J6: L | K6: M | L6: M | M6: J | N6: V | O6: L | P6: M | Q6: M | R6: J | S6: V | T6: L | U6: M | V6: M | W6: J | X6: V | Y6: L
G7: 1 | H7: 2 | I7: 3 | J7: 4 | K7: 5 | L7: 6 | M7: 7 | N7: 8 | O7: 9 | P7: 10 | Q7: 11 | R7: 12 | S7: 13 | T7: 14 | U7: 15 | V7: 16 | W7: 17 | X7: 18 | Y7: 19
G8: 3 | H8: 4 | I8: 5 | J8: 10 | K8: 11 | L8: 12 | M8: 13 | N8: 14 | O8: 17 | P8: 18 | Q8: 19 | R8: 20 | S8: 21 | T8: 24 | U8: 25 | V8: 26 | W8: 27 | X8: 28 | Y8: 31
A9: 1 | B9: ADANAE ARCE | C9: 3S | G9: 1 | H9: 1 | J9: 1 | K9: 1 | L9: 1 | M9: 1 | N9: 1 | O9: 1 | P9: 1 | Q9: 1 | R9: 1 | S9: 1 | T9: 1 | U9: 1 | V9: 1 | W9: 1 | X9: 1 | Z9: =+SUM(G9:Y9) -> 17 | AA9: =+Z9*35 -> 595
A10: 2 | B10: AGUSTIN BRÜCKNER | C10: 3S | G10: 1 | H10: 1 | J10: 1 | K10: 1 | L10: 1 | M10: 1 | N10: 1 | O10: 1 | P10: 1 | Q10: 1 | R10: 1 | S10: 1 | T10: 1 | U10: 1 | V10: 1 | W10: 1 | X10: 1 | Z10: =+SUM(G10:Y10) -> 17 | AA10: =+Z10*35 -> 595
A11: 3 | B11: AGUSTINA PATIÑO | C11: 3S | F11: MENU FIT | G11: 1 | H11: 1 | J11: 1 | M11: 1 | N11: 1 | T11: 1 | U11: 1 | V11: 1 | W11: 1 | X11: 1 | Z11: =+SUM(G11:Y11) -> 10 | AA11: =+Z11*35 -> 350
A12: 4 | B12: ALAIN NUÑEZ | C12: 3S | G12: 1 | H12: 1 | J12: 1 | K12: 1 | L12: 1 | M12: 1 | N12: 1 | O12: 1 | P12: 1 | Q12: 1 | R12: 1 | S12: 1 | T12: 1 | U12: 1 | V12: 1 | W12: 1 | X12: 1 | Z12: =+SUM(G12:Y12) -> 17 | AA12: =+Z12*35 -> 595
A13: 5 | B13: ALVARO REVILLA | C13: 5S | G13: 1 | H13: 1 | K13: 1 | L13: 1 | M13: 1 | N13: 1 | O13: 1 | P13: 1 | Q13: 1 | R13: 1 | T13: 1 | V13: 1 | X13: 1 | Z13: =+SUM(G13:Y13) -> 13 | AA13: =+Z13*35 -> 455
A14: 6 | B14: ALEXIA RIBERA | C14: 4S | F14: MENU FIT | G14: 1 | H14: 1 | J14: 1 | K14: 1 | L14: 1 | M14: 1 | N14: 1 | O14: 1 | P14: 1 | Q14: 1 | R14: 1 | S14: 1 | T14: 1 | U14: 1 | V14: 1 | W14: 1 | X14: 1 | Z14: =+SUM(G14:Y14) -> 17 | AA14: =+Z14*35 -> 595
A15: 7 | B15: ALEJANDRO QUIROGA | C15: 5S | Z15: =+SUM(G15:Y15) -> 0 | AA15: =+Z15*35 -> 0
A16: 8 | B16: ANDERE KNEZ | C16: 4S | Z16: =+SUM(G16:Y16) -> 0 | AA16: =+Z16*35 -> 0
A17: 9 | B17: ANIA ARAUZ | C17: 4S | Z17: =+SUM(G17:Y17) -> 0 | AA17: =+Z17*35 -> 0
A18: 10 | B18: ANIK PETERSEN | C18: 4S | F18: DEBE 2 ALMUERZOS | Z18: =+SUM(G18:Y18) -> 0 | AA18: =+Z18*35 -> 0
A19: 11 | B19: ANDRES GALDOS | C19: 4S | Z19: =+SUM(G19:Y19) -> 0 | AA19: =+Z19*35 -> 0
A20: 12 | B20: ANDRES BRUCKNER | C20: 3SB | H20: 1 | M20: 1 | N20: 1 | P20: 1 | R20: 1 | S20: 1 | U20: 1 | W20: 1 | X20: 1 | Z20: =+SUM(G20:Y20) -> 9 | AA20: =+Z20*35 -> 315
A21: 13 | B21: ANDRES PARADA | C21: 5S | Z21: =+SUM(G21:Y21) -> 0 | AA21: =+Z21*35 -> 0
A22: 14 | B22: ANGELINA MENDOZA | C22: 4S | Z22: =+SUM(G22:Y22) -> 0 | AA22: =+Z22*35 -> 0
A23: 15 | B23: BASTIAN GARECA | C23: 5S | Z23: =+SUM(G23:Y23) -> 0 | AA23: =+Z23*35 -> 0
A24: 16 | B24: BENEDETTA GIANINI | C24: 3SB | F24: MENU FIT | H24: 1 | J24: 1 | K24: 1 | L24: 1 | M24: 0 | N24: 1 | O24: 1 | P24: 1 | Q24: 1 | R24: 1 | S24: 1 | U24: 1 | W24: 1 | X24: 1 | Z24: =+SUM(G24:Y24) -> 13 | AA24: =+Z24*35 -> 455
A25: 17 | B25: BRUNA MEDINA | C25: 3SA | G25: 1 | H25: 1 | J25: 1 | K25: 1 | L25: 1 | M25: 1 | N25: 1 | O25: 1 | P25: 1 | Q25: 1 | R25: 1 | S25: 1 | T25: 1 | U25: 1 | V25: 1 | W25: 1 | X25: 1 | Z25: =+SUM(G25:Y25) -> 17 | AA25: =+Z25*35 -> 595
A26: 18 | B26: BRUNO REVILLA | C26: 3SA | Z26: =+SUM(G26:Y26) -> 0 | AA26: =+Z26*35 -> 0
A27: 19 | B27: BRUNA VALDEZ | C27: 5S | F27: NO LASAGNA | G27: 1 | H27: 1 | J27: 1 | K27: 1 | L27: 1 | M27: 1 | N27: 1 | O27: 1 | T27: 1 | U27: 1 | V27: 1 | W27: 1 | X27: 1 | Z27: =+SUM(G27:Y27) -> 13 | AA27: =+Z27*35 -> 455
A28: 20 | B28: CAROLINA CUELLAR | C28: 5S | F28: FACTURAR | G28: 1 | H28: 1 | J28: 1 | K28: 1 | L28: 1 | M28: 1 | N28: 1 | O28: 1 | P28: 1 | Q28: 1 | R28: 0 | S28: 1 | T28: 1 | U28: 1 | V28: 1 | W28: 1 | X28: 1 | Z28: =+SUM(G28:Y28) -> 16 | AA28: =+Z28*35 -> 560
A29: 21 | B29: CAROLINA DEL SOLAR | C29: 5S | F29: TODOS LOS LUNES | Z29: =+SUM(G29:Y29) -> 0 | AA29: =+Z29*35 -> 0
A30: 22 | B30: CARLOS PABLO MONTERO | C30: 5S | F30: INTERCALAR PECHUGA Y BIFE | G30: 1 | J30: 1 | K30: 1 | L30: 1 | M30: 1 | N30: 1 | O30: 1 | P30: 1 | Q30: 1 | R30: 1 | S30: 1 | T30: 1 | U30: 1 | V30: 1 | W30: 1 | X30: 1 | Z30: =+SUM(G30:Y30) -> 16 | AA30: =+Z30*35 -> 560
A31: 23 | B31: CATALINA PATIÑO | C31: 5S | G31: 1 | H31: 1 | J31: 1 | Z31: =+SUM(G31:Y31) -> 3 | AA31: =+Z31*35 -> 105
A32: 24 | B32: DANIEL KHOUBBAKHT | C32: 3SA | G32: 1 | H32: 1 | J32: 1 | K32: 1 | L32: 1 | M32: 1 | N32: 1 | Z32: =+SUM(G32:Y32) -> 7 | AA32: =+Z32*35 -> 245
A33: 25 | B33: DASHA MORALES | C33: 4S | F33: MENU FIT | G33: 1 | H33: 1 | J33: 1 | K33: 1 | L33: 1 | M33: 1 | N33: 1 | O33: 1 | P33: 1 | Q33: 1 | R33: 1 | S33: 1 | T33: 1 | U33: 1 | V33: 1 | W33: 1 | X33: 1 | Z33: =+SUM(G33:Y33) -> 17 | AA33: =+Z33*35 -> 595
A34: 26 | B34: DELFINA VACARREZA | C34: 4S | Z34: =+SUM(G34:Y34) -> 0 | AA34: =+Z34*35 -> 0
A35: 27 | B35: DIEGO ROCA | C35: 3SB | G35: 1 | H35: 1 | J35: 1 | L35: 1 | P35: 1 | Q35: 1 | S35: 1 | T35: 1 | U35: 1 | V35: 1 | X35: 1 | Z35: =+SUM(G35:Y35) -> 11 | AA35: =+Z35*35 -> 385
A36: 28 | B36: DOMINIQUE ARRUE | C36: 5S | F36: MENU FIT | G36: 1 | H36: 1 | J36: 1 | K36: 1 | L36: 1 | M36: 1 | N36: 1 | O36: 1 | P36: 1 | Q36: 1 | R36: 1 | S36: 1 | T36: 1 | U36: 1 | V36: 1 | W36: 1 | X36: 1 | Z36: =+SUM(G36:Y36) -> 17 | AA36: =+Z36*35 -> 595
A37: 29 | B37: EMMA GARAFULIUC | C37: 3S | Z37: =+SUM(G37:Y37) -> 0 | AA37: =+Z37*35 -> 0
A38: 30 | B38: EMILIO FORTI | C38: 4S | Z38: =+SUM(G38:Y38) -> 0 | AA38: =+Z38*35 -> 0
A39: 31 | B39: ESTEBAN RODRIGUEZ | C39: 4S | G39: 1 | J39: 1 | O39: 1 | P39: 1 | Q39: 1 | T39: 1 | V39: 1 | W39: 1 | Z39: =+SUM(G39:Y39) -> 8 | AA39: =+Z39*35 -> 280
A40: 32 | B40: FELIPE MORALES | C40: 4S | G40: 1 | H40: 1 | J40: 1 | K40: 1 | L40: 1 | M40: 1 | N40: 1 | O40: 1 | P40: 1 | Q40: 1 | R40: 1 | U40: 1 | V40: 1 | W40: 1 | X40: 1 | Z40: =+SUM(G40:Y40) -> 15 | AA40: =+Z40*35 -> 525
A41: 33 | B41: FERNANDO BERRANACHEA | C41: 5S | G41: 1 | H41: 1 | J41: 1 | M41: 1 | O41: 1 | S41: 1 | Z41: =+SUM(G41:Y41) -> 6 | AA41: =+Z41*35 -> 210
A42: 34 | B42: FIORELLA VISCARRA | C42: 3S | G42: 1 | H42: 1 | J42: 1 | K42: 1 | L42: 1 | M42: 1 | N42: 1 | O42: 1 | P42: 1 | Q42: 1 | R42: 1 | S42: 1 | T42: 1 | U42: 1 | V42: 1 | W42: 1 | X42: 1 | Z42: =+SUM(G42:Y42) -> 17 | AA42: =+Z42*35 -> 595
A43: 35 | B43: FLORENCIA VISCARRA | C43: 5S | F43: NO PASTAS/CAMBIAR A MENU FIT | G43: 1 | H43: 1 | J43: 1 | K43: 1 | L43: 1 | M43: 1 | N43: 1 | O43: 1 | P43: 1 | Q43: 1 | R43: 1 | S43: 1 | T43: 1 | U43: 1 | V43: 1 | W43: 1 | X43: 1 | Z43: =+SUM(G43:Y43) -> 17 | AA43: =+Z43*35 -> 595
A44: 36 | B44: FLORENCIA ZAMORA | C44: 4S | Z44: =+SUM(G44:Y44) -> 0 | AA44: =+Z44*35 -> 0
A45: 37 | B45: FRANCISCO MONTAÑO | C45: 4SA | H45: 1 | N45: 1 | T45: 1 | Z45: =+SUM(G45:Y45) -> 3 | AA45: =+Z45*35 -> 105
A46: 38 | B46: FRANCO BARBA | C46: 4S | G46: 1 | H46: 1 | J46: 1 | K46: 1 | L46: 1 | M46: 1 | N46: 1 | O46: 1 | P46: 1 | Q46: 1 | R46: 1 | S46: 1 | T46: 1 | U46: 1 | V46: 1 | W46: 1 | X46: 1 | Z46: =+SUM(G46:Y46) -> 17 | AA46: =+Z46*35 -> 595
A47: 39 | B47: GABRIEL FORONDA | C47: 3S | G47: 1 | J47: 1 | K47: 1 | L47: 1 | N47: 1 | O47: 1 | P47: 1 | Q47: 1 | S47: 1 | T47: 1 | U47: 1 | V47: 1 | X47: 1 | Z47: =+SUM(G47:Y47) -> 13 | AA47: =+Z47*35 -> 455
A48: 40 | B48: HUMBERTO PINTO | C48: 4S | Z48: =+SUM(G48:Y48) -> 0 | AA48: =+Z48*35 -> 0
A49: 41 | B49: IAN KNEZ | C49: 3S | X49: 1 | Z49: =+SUM(G49:Y49) -> 1 | AA49: =+Z49*35 -> 35
A50: 42 | B50: IGNACIO JUSTINIANO | C50: 4S | G50: 1 | H50: 1 | J50: 1 | K50: 1 | L50: 1 | M50: 1 | N50: 1 | O50: 1 | P50: 1 | Q50: 1 | R50: 1 | S50: 1 | T50: 1 | U50: 1 | V50: 1 | W50: 1 | X50: 1 | Z50: =+SUM(G50:Y50) -> 17 | AA50: =+Z50*35 -> 595
A51: 43 | B51: INES ELIZALDE | C51: 5S | F51: PEDIR CONTACTO/DEBE 1 DEL 15 DE JUNIO | Z51: =+SUM(G51:Y51) -> 0 | AA51: =+Z51*35 -> 0
A52: 44 | B52: ISABELA CANDIA | C52: 3S | Z52: =+SUM(G52:Y52) -> 0 | AA52: =+Z52*35 -> 0
A53: 45 | B53: ISABELA CAMPOS | O53: 1 | Q53: 1 | V53: 1 | Z53: =+SUM(G53:Y53) -> 3 | AA53: =+Z53*35 -> 105
A54: 46 | B54: ISABELA MERCADO | C54: 4S | Z54: =+SUM(G54:Y54) -> 0 | AA54: =+Z54*35 -> 0
A55: 47 | B55: ISABELA O CONNOR | C55: 5SB | Z55: =+SUM(G55:Y55) -> 0 | AA55: =+Z55*35 -> 0
A56: 48 | B56: IRENE PAREJAS | C56: 4S | F56: MENU FIT | G56: 1 | H56: 1 | J56: 1 | K56: 1 | L56: 1 | M56: 1 | N56: 1 | O56: 1 | P56: 1 | Q56: 1 | R56: 1 | S56: 1 | T56: 1 | U56: 1 | V56: 1 | W56: 1 | X56: 1 | Z56: =+SUM(G56:Y56) -> 17 | AA56: =+Z56*35 -> 595
A57: 49 | B57: IRENE SAUCEO | C57: 5S | H57: 1 | O57: 1 | R57: 1 | S57: 1 | U57: 1 | V57: 1 | Z57: =+SUM(G57:Y57) -> 6 | AA57: =+Z57*35 -> 210
A58: 50 | B58: IVES DE CHAZAL | C58: 3S | G58: 1 | H58: 1 | J58: 1 | K58: 1 | L58: 1 | M58: 1 | N58: 1 | O58: 1 | P58: 1 | Q58: 1 | R58: 1 | S58: 1 | T58: 1 | U58: 1 | V58: 1 | W58: 1 | X58: 1 | Z58: =+SUM(G58:Y58) -> 17 | AA58: =+Z58*35 -> 595
A59: 51 | B59: JORGE FRANCO | C59: 5S | G59: 1 | H59: 1 | J59: 1 | K59: 1 | L59: 1 | M59: 1 | N59: 1 | O59: 1 | P59: 1 | Q59: 1 | R59: 1 | S59: 1 | T59: 1 | U59: 1 | V59: 1 | W59: 1 | X59: 1 | Z59: =+SUM(G59:Y59) -> 17 | AA59: =+Z59*35 -> 595
A60: 52 | B60: JORGE JUSTINIANO | C60: 3SB | S60: 1 | Z60: =+SUM(G60:Y60) -> 1 | AA60: =+Z60*35 -> 35
A61: 53 | B61: JIMMY SYTIC | C61: 5S | Z61: =+SUM(G61:Y61) -> 0 | AA61: =+Z61*35 -> 0
A62: 54 | B62: JORGE LOPEZ | C62: 5S | F62: INTERCALAR PECHUGA Y BIFE/DEBE 5 DIAS JULIO | G62: 1 | H62: 1 | J62: 1 | K62: 1 | L62: 1 | M62: 1 | N62: 1 | O62: 1 | P62: 1 | Q62: 1 | R62: 1 | S62: 1 | T62: 1 | U62: 1 | V62: 1 | W62: 1 | X62: 1 | Z62: =+SUM(G62:Y62) -> 17 | AA62: =+Z62*35 -> 595
A63: 55 | B63: JORGE GUTIERREZ | C63: 3SB | G63: 1 | H63: 1 | J63: 1 | K63: 1 | L63: 1 | M63: 1 | N63: 1 | O63: 1 | P63: 1 | Q63: 1 | Z63: =+SUM(G63:Y63) -> 10 | AA63: =+Z63*35 -> 350
A64: 56 | B64: JOSEFINA MILLAN | C64: 5S | Z64: =+SUM(G64:Y64) -> 0 | AA64: =+Z64*35 -> 0
A65: 57 | B65: JULIANA AÑEZ | C65: 3S | F65: TODOS LOS LUNES PECHUGA/CANCELO 6 LUNES | G65: 1 | J65: 1 | O65: 1 | T65: 1 | W65: 1 | X65: 1 | Z65: =+SUM(G65:Y65) -> 6 | AA65: =+Z65*35 -> 210
A66: 58 | B66: JULIANA NAVARRO BROWN | C66: 5S | Z66: =+SUM(G66:Y66) -> 0 | AA66: =+Z66*35 -> 0
A67: 59 | B67: JULIETA MADARIAGA | C67: 3SB | Z67: =+SUM(G67:Y67) -> 0 | AA67: =+Z67*35 -> 0
A68: 60 | B68: KAREL AGUAYO | C68: 4SB | Z68: =+SUM(G68:Y68) -> 0 | AA68: =+Z68*35 -> 0
A69: 61 | B69: LAURA ROJAS | C69: 5SA | H69: 1 | K69: 1 | L69: 1 | M69: 1 | N69: 1 | O69: 1 | P69: 1 | Q69: 1 | R69: 1 | S69: 1
A70: 62 | B70: LEANDRO CLAURE | C70: 3S | Z70: =+SUM(G70:Y70) -> 0 | AA70: =+Z70*35 -> 0
A71: 63 | B71: LEONARDO VIVADO | C71: 4SB | Z71: =+SUM(G71:Y71) -> 0 | AA71: =+Z71*35 -> 0
A72: 64 | B72: LETIZIA SAUTO | C72: 3S | F72: MENU FIT | G72: 1 | H72: 1 | J72: 1 | K72: 1 | L72: 1 | M72: 1 | N72: 1 | O72: 1 | P72: 1 | Q72: 1 | R72: 1 | S72: 1 | T72: 1 | U72: 1 | V72: 1 | W72: 1 | X72: 1 | Z72: =+SUM(G72:Y72) -> 17 | AA72: =+Z72*35 -> 595
A73: 65 | B73: LIZ GONZALES | C73: 4S | Z73: =+SUM(G73:Y73) -> 0 | AA73: =+Z73*35 -> 0
A74: 66 | B74: LARA TORREZ | C74: 5S | G74: 1 | H74: 1 | J74: 1 | K74: 1 | L74: 1 | M74: 1 | N74: 1 | O74: 1 | P74: 1 | Q74: 1 | R74: 1 | S74: 1 | T74: 1 | U74: 1 | V74: 1 | W74: 1 | X74: 1 | Z74: =+SUM(G74:Y74) -> 17 | AA74: =+Z74*35 -> 595
A75: 67 | B75: LEONARDO SALVIATI | C75: 3S | G75: 1 | H75: 1 | J75: 1 | L75: 1 | M75: 1 | O75: 1 | V75: 1 | Z75: =+SUM(G75:Y75) -> 7 | AA75: =+Z75*35 -> 245
A76: 68 | B76: LUANA TORRICO | C76: 4S | Z76: =+SUM(G76:Y76) -> 0 | AA76: =+Z76*35 -> 0
A77: 69 | B77: LUIS ERNESTO AGUILERA | C77: 4S | G77: 1 | H77: 1 | J77: 1 | K77: 1 | L77: 1 | M77: 1 | N77: 1 | O77: 1 | P77: 1 | Q77: 1 | R77: 1 | S77: 1 | T77: 1 | U77: 1 | V77: 1 | W77: 1 | X77: 1 | Z77: =+SUM(G77:Y77) -> 17 | AA77: =+Z77*35 -> 595
A78: 70 | B78: LUCAS ESCOBAR | C78: 4S | G78: 1 | H78: 1 | J78: 1 | K78: 1 | L78: 1 | M78: 1 | N78: 1 | O78: 1 | P78: 1 | Q78: 1 | R78: 1 | S78: 1 | T78: 1 | U78: 1 | V78: 1 | W78: 1 | X78: 1 | Z78: =+SUM(G78:Y78) -> 17 | AA78: =+Z78*35 -> 595
A79: 71 | B79: LUCAS TEODOVICH | C79: 5S | Z79: =+SUM(G79:Y79) -> 0 | AA79: =+Z79*35 -> 0
A80: 72 | B80: LUCAS SUAREZ | C80: 4S | F80: DEBE 5 DIAS DE JULIO | G80: 1 | H80: 1 | J80: 1 | K80: 1 | L80: 1 | M80: 1 | N80: 1 | Q80: 1 | R80: 1 | S80: 1 | T80: 1 | U80: 1 | V80: 1 | W80: 1 | X80: 1 | Z80: =+SUM(G80:Y80) -> 15 | AA80: =+Z80*35 -> 525
A81: 73 | B81: LUCIANA BARCO | C81: 5S | G81: 1 | H81: 1 | J81: 1 | K81: 1 | L81: 1 | M81: 1 | N81: 1 | O81: 1 | P81: 1 | Q81: 1 | R81: 1 | S81: 1 | T81: 1 | U81: 1 | V81: 1 | W81: 1 | X81: 1 | Z81: =+SUM(G81:Y81) -> 17 | AA81: =+Z81*35 -> 595
A82: 74 | B82: LUCIA MORALES | C82: 5S | Z82: =+SUM(G82:Y82) -> 0 | AA82: =+Z82*35 -> 0
A83: 75 | B83: LUCIANA SABA | C83: 4S | J83: 1 | T83: 1 | Z83: =+SUM(G83:Y83) -> 2 | AA83: =+Z83*35 -> 70
A84: 76 | B84: LUCIANA BALCAZAR | C84: 5S | Z84: =+SUM(G84:Y84) -> 0 | AA84: =+Z84*35 -> 0
A85: 77 | B85: MAITE CORTEZ | C85: 4S | Z85: =+SUM(G85:Y85) -> 0 | AA85: =+Z85*35 -> 0
A86: 78 | B86: MACIEL NASSAR | C86: 5S | G86: 1 | K86: 1 | M86: 1 | S86: 1 | V86: 1 | Z86: =+SUM(G86:Y86) -> 5 | AA86: =+Z86*35 -> 175
A87: 79 | B87: MAITE JUSTINIANO | C87: 4S | Z87: =+SUM(G87:Y87) -> 0 | AA87: =+Z87*35 -> 0
A88: 80 | B88: MAITE MORENO | C88: 4S | J88: 1 | M88: 1 | O88: 0 | R88: 1 | T88: 1 | W88: 0 | Z88: =+SUM(G88:Y88) -> 4 | AA88: =+Z88*35 -> 140
A89: 81 | B89: MARCELO PEREIRA | C89: 4S | F89: MENU FIT | G89: 1 | H89: 1 | J89: 1 | K89: 1 | L89: 1 | M89: 1 | N89: 1 | O89: 1 | P89: 1 | Q89: 1 | R89: 1 | S89: 1 | T89: 1 | U89: 1 | V89: 1 | W89: 1 | X89: 1 | Z89: =+SUM(G89:Y89) -> 17 | AA89: =+Z89*35 -> 595
A90: 82 | B90: MARIA ROSARIO GALVIS | C90: 3S | R90: 1 | Z90: =+SUM(G90:Y90) -> 1 | AA90: =+Z90*35 -> 35
A91: 83 | B91: MARIA ALEJANDRA ARDILLA | C91: 5S | F91: MENU FIT | G91: 1 | H91: 1 | J91: 1 | K91: 1 | L91: 1 | N91: 1 | O91: 1 | P91: 1 | Q91: 1 | R91: 1 | T91: 1 | U91: 1 | V91: 1 | W91: 1 | X91: 1 | Z91: =+SUM(G91:Y91) -> 15 | AA91: =+Z91*35 -> 525
A92: 84 | B92: MARIA JOSE OROZA | C92: 3SB | K92: 1 | S92: 1 | Z92: =+SUM(G92:Y92) -> 2 | AA92: =+Z92*35 -> 70
A93: 85 | B93: MARIANO MEDINA | C93: 5S | G93: 1 | Z93: =+SUM(G93:Y93) -> 1 | AA93: =+Z93*35 -> 35
A94: 86 | B94: MARIAM JUSTINIANO | C94: 4S | G94: 1 | H94: 1 | J94: 1 | K94: 1 | L94: 1 | M94: 1 | N94: 1 | O94: 1 | P94: 1 | Q94: 1 | R94: 1 | S94: 1 | T94: 1 | U94: 1 | V94: 1 | W94: 1 | X94: 1 | Z94: =+SUM(G94:Y94) -> 17 | AA94: =+Z94*35 -> 595
A95: 87 | B95: MARTINA LANTERI | C95: 5S | Z95: =+SUM(G95:Y95) -> 0 | AA95: =+Z95*35 -> 0
A96: 88 | B96: MARTINA PARRA | C96: 4S | Z96: =+SUM(G96:Y96) -> 0 | AA96: =+Z96*35 -> 0
A97: 89 | B97: MATEO AESCHBACHER | C97: 3S | Z97: =+SUM(G97:Y97) -> 0 | AA97: =+Z97*35 -> 0
A98: 90 | B98: MATIAS SILES | C98: 5S | L98: 1 | Q98: 1 | V98: 1 | Z98: =+SUM(G98:Y98) -> 3 | AA98: =+Z98*35 -> 105
A99: 91 | B99: MAURO BARBA | C99: 4S | G99: 1 | H99: 1 | J99: 1 | K99: 1 | L99: 1 | M99: 1 | N99: 1 | O99: 1 | P99: 1 | Q99: 1 | R99: 1 | S99: 1 | Z99: =+SUM(G99:Y99) -> 12 | AA99: =+Z99*35 -> 420
A100: 92 | B100: MEENA TORREZ | C100: 5S | Z100: =+SUM(G100:Y100) -> 0 | AA100: =+Z100*35 -> 0
A101: 93 | B101: MICAELA CAPOBIANCO | C101: 4S | Z101: =+SUM(G101:Y101) -> 0 | AA101: =+Z101*35 -> 0
A102: 94 | B102: MIGUEL GUTIERREZ | C102: 4SA | Z102: =+SUM(G102:Y102) -> 0 | AA102: =+Z102*35 -> 0
A103: 95 | B103: MIKEL ORMACHEA | C103: 3S | Z103: =+SUM(G103:Y103) -> 0 | AA103: =+Z103*35 -> 0
...

Sheet RESUMEN 20 AL 24
D1: PERIODO DE CERTIFICACION CON EL COLEGIO "SCIS" DEL 20 AL 24 DE JULIO
A5: DETALLE TURNO | C5: 46223 | D5: 46224 | E5: 46225 | F5: 46226 | G5: 46227 | H5: TOTAL PLATOS VENDIDOS | I5: PRECIO UNITARIO BS | J5: PRECIO TOTAL BS.
A7: TURNO 1 | B7: 0.49305556 | C7: =+'11;50'!#REF! -> #REF! | D7: =+'11;50'!#REF! -> #REF! | E7: =+'11;50'!#REF! -> #REF! | F7: =+'11;50'!#REF! -> #REF! | G7: =+'11;50'!#REF! -> #REF! | H7: =SUM(C7:G7) -> #REF! | I7: 32 | J7: `
A8: TURNO 2 | B8: 0.5 | C8: =+'12;00'!#REF! -> #REF! | D8: =+'12;00'!#REF! -> #REF! | E8: =+'12;00'!#REF! -> #REF! | F8: =+'12;00'!#REF! -> #REF! | G8: =+'12;00'!#REF! -> #REF! | H8: =SUM(C8:G8) -> #REF! | I8: 32 | J8: =+H8*I8 -> #REF!
A9: TURNO 3 | B9: 0.47569444 | C9: =+'11;25'!#REF! -> #REF! | D9: =+'11;25'!#REF! -> #REF! | E9: =+'11;25'!#REF! -> #REF! | F9: =+'11;25'!#REF! -> #REF! | G9: =+'11;25'!#REF! -> #REF! | H9: =SUM(C9:G9) -> #REF! | I9: 32 | J9: =+H9*I9 -> #REF!
A10: TURNO 4 | B10: 0.52777778 | C10: =+'12;40'!#REF! -> #REF! | D10: =+'12;40'!#REF! -> #REF! | E10: =+'12;40'!#REF! -> #REF! | F10: =+'12;40'!#REF! -> #REF! | G10: =+'12;40'!#REF! -> #REF! | H10: =SUM(C10:G10) -> #REF! | I10: 35 | J10: =+H10*I10 -> #REF!
A11: TURNO 5 | B11: 0.54513889 | C11: =+'13;05'!#REF! -> #REF! | D11: =+'13;05'!#REF! -> #REF! | E11: =+'13;05'!#REF! -> #REF! | F11: =+'13;05'!#REF! -> #REF! | G11: =+'13;05'!#REF! -> #REF! | H11: =SUM(C11:G11) -> #REF! | I11: 35 | J11: =+H11*I11 -> #REF!
A12: TOTALES | C12: =SUM(C7:C11) -> #REF! | D12: =SUM(D7:D11) -> #REF! | E12: =SUM(E7:E11) -> #REF! | F12: =SUM(F7:F11) -> #REF! | G12: =SUM(G7:G11) -> #REF! | H12: =SUM(H7:H11) -> #REF!
H13: =SUM(H7:H11) -> #REF! | I13: BOLIVIANOS | J13: =SUM(J7:J11) -> #REF!

Sheet RES 03 AL 05
D1: PERIODO DE CERTIFICACION CON EL COLEGIO "SCIS" DEL 03 AL 05 DE AGOSTO DE 2026
A5: DETALLE TURNO | C5: 46237 | D5: 46238 | E5: 46239 | F5: 46240 | G5: 46241 | H5: TOTAL PLATOS VENDIDOS | I5: IMPORTE POR PLATO BS. | J5: IMPORTE TOTAL A PAGAR BS.
A7: TURNO 1 | B7: 0.49305556 | C7: =+'11;50'!G95 -> 35 | D7: =+'11;50'!H95 -> 34 | E7: =+'11;50'!I95 -> 0 | H7: =SUM(C7:G7) -> 69 | I7: 32 | J7: =+H7*I7 -> 2208
A8: TURNO 2 | B8: 0.5 | C8: =+'12;00'!G158 -> 62 | D8: =+'12;00'!H158 -> 56 | E8: =+'12;00'!I158 -> 59 | H8: =SUM(C8:G8) -> 177 | I8: 32 | J8: =+H8*I8 -> 5664
A9: TURNO 3 | B9: 0.47569444 | C9: =+'11;25'!G160 -> 65 | D9: =+'11;25'!H160 -> 52 | E9: =+'11;25'!I160 -> 57 | H9: =SUM(C9:G9) -> 174 | I9: 32 | J9: =+H9*I9 -> 5568
A10: TURNO 4 | B10: 0.52777778 | C10: =+'12;40'!G155 -> 70 | D10: =+'12;40'!H155 -> 59 | E10: =+'12;40'!I155 -> 1 | H10: =SUM(C10:G10) -> 130 | I10: 35 | J10: =+H10*I10 -> 4550
A11: TURNO 5 | B11: 0.54513889 | C11: =+'13;05'!G156 -> 60 | D11: =+'13;05'!H156 -> 54 | E11: =+'13;05'!I156 -> 0 | H11: =SUM(C11:G11) -> 114 | I11: 35 | J11: =+H11*I11 -> 3990
A12: TOTALES | C12: =SUM(C7:C11) -> 292 | D12: =SUM(D7:D11) -> 255 | E12: =SUM(E7:E11) -> 117 | F12: =SUM(F7:F11) -> 0 | G12: =SUM(G7:G11) -> 0 | I12: 0 | J12: =+H12*I12 -> 0
F13: CANTIDAD | H13: =SUM(H7:H11) -> 664 | I13: BOLIVIANOS | J13: =SUM(J7:J11) -> 21980

Sheet RES 10 AL 14
D1: PERIODO DE CERTIFICACION CON EL COLEGIO "SCIS" DEL 10 AL 14 DE AGOSTO DE 2026
A5: DETALLE TURNO | C5: 46244 | D5: 46245 | E5: 46246 | F5: 46247 | G5: 46248 | H5: TOTAL PLATOS VENDIDOS | I5: IMPORTE POR PLATO BS. | J5: IMPORTE TOTAL A PAGAR BS.
A7: TURNO 1 | B7: 0.49305556 | C7: =+'11;50'!J95 -> 35 | D7: =+'11;50'!K95 -> 35 | E7: =+'11;50'!L95 -> 33 | F7: =+'11;50'!M95 -> 34 | G7: =+'11;50'!N95 -> 32 | H7: =SUM(C7:G7) -> 169 | I7: 32 | J7: =+I7*H7 -> 5408
A8: TURNO 2 | B8: 0.5 | C8: =+'12;00'!J158 -> 59 | D8: =+'12;00'!K158 -> 53 | E8: =+'12;00'!L158 -> 55 | F8: =+'12;00'!M158 -> 54 | G8: =+'12;00'!N158 -> 58 | H8: =SUM(C8:G8) -> 279 | I8: 32 | J8: =+I8*H8 -> 8928
A9: TURNO 3 | B9: 0.47569444 | C9: =+'11;25'!J160 -> 64 | D9: =+'11;25'!K160 -> 55 | E9: =+'11;25'!L160 -> 57 | F9: =+'11;25'!M160 -> 58 | G9: =+'11;25'!N160 -> 58 | H9: =SUM(C9:G9) -> 292 | I9: 32 | J9: =+I9*H9 -> 9344
A10: TURNO 4 | B10: 0.52777778 | C10: =+'12;40'!J155 -> 65 | D10: =+'12;40'!K155 -> 58 | E10: =+'12;40'!L155 -> 57 | F10: =+'12;40'!M155 -> 57 | G10: =+'12;40'!N155 -> 57 | H10: =SUM(C10:G10) -> 294 | I10: 35 | J10: =+I10*H10 -> 10290
A11: TURNO 5 | B11: 0.54513889 | C11: =+'13;05'!J156 -> 56 | D11: =+'13;05'!K156 -> 52 | E11: =+'13;05'!L156 -> 50 | F11: =+'13;05'!M156 -> 52 | G11: =+'13;05'!N156 -> 53 | H11: =SUM(C11:G11) -> 263 | I11: 35 | J11: =+I11*H11 -> 9205
A12: TOTALES | C12: =+SUM(C7:C11) -> 279 | D12: =+SUM(D7:D11) -> 253 | E12: =+SUM(E7:E11) -> 252 | F12: =+SUM(F7:F11) -> 255 | G12: =+SUM(G7:G11) -> 258 | H12: =SUM(H7:H11) -> 1297
G13: CANTIDAD | H13: =SUM(H7:H11) -> 1297 | I13: BOLIVIANOS | J13: =SUM(J7:J12) -> 43175

Sheet RES 17 AL 21
D1: PERIODO DE CERTIFICACION CON EL COLEGIO "SCIS" DEL 17 AL 21 DE AGOSTO DE 2026
A5: DETALLE TURNO | C5: 46251 | D5: 46252 | E5: 46253 | F5: 46254 | G5: 46255 | H5: TOTAL PLATOS VENDIDOS | I5: IMPORTE POR PLATO BS. | J5: IMPORTE TOTAL A PAGAR BS.
A7: TURNO 1 | B7: 0.49305556 | C7: =+'11;50'!O95 -> 41 | D7: =+'11;50'!P95 -> 35 | E7: =+'11;50'!Q95 -> 33 | F7: =+'11;50'!R95 -> 34 | G7: =+'11;50'!S95 -> 30 | H7: =SUM(C7:G7) -> 173 | I7: 32 | J7: =+I7*H7 -> 5536
A8: TURNO 2 | B8: 0.5 | C8: =+'12;00'!O158 -> 64 | D8: =+'12;00'!P158 -> 55 | E8: =+'12;00'!Q158 -> 55 | F8: =+'12;00'!R158 -> 55 | G8: =+'12;00'!S158 -> 58 | H8: =SUM(C8:G8) -> 287 | I8: 32 | J8: =+I8*H8 -> 9184
A9: TURNO 3 | B9: 0.47569444 | C9: =+'11;25'!O160 -> 59 | D9: =+'11;25'!P160 -> 55 | E9: =+'11;25'!Q160 -> 54 | F9: =+'11;25'!R160 -> 62 | G9: =+'11;25'!S160 -> 61 | H9: =SUM(C9:G9) -> 291 | I9: 32 | J9: =+I9*H9 -> 9312
A10: TURNO 4 | B10: 0.52777778 | C10: =+'12;40'!O155 -> 67 | D10: =+'12;40'!P155 -> 53 | E10: =+'12;40'!Q155 -> 50 | F10: =+'12;40'!R155 -> 51 | G10: =+'12;40'!S155 -> 53 | H10: =SUM(C10:G10) -> 274 | I10: 35 | J10: =+I10*H10 -> 9590
A11: TURNO 5 | B11: 0.54513889 | C11: =+'13;05'!O156 -> 54 | D11: =+'13;05'!P156 -> 48 | E11: =+'13;05'!Q156 -> 48 | F11: =+'13;05'!R156 -> 47 | G11: =+'13;05'!S156 -> 47 | H11: =SUM(C11:G11) -> 244 | I11: 35 | J11: =+I11*H11 -> 8540
A12: TOTALES | C12: =SUM(C7:C11) -> 285 | D12: =SUM(D7:D11) -> 246 | E12: =SUM(E7:E11) -> 240 | F12: =SUM(F7:F11) -> 249 | G12: =SUM(G7:G11) -> 249
E13: CANTIDAD | H13: =SUM(H7:H11) -> 1269 | I13: BOLIVIANOS | J13: =SUM(J7:J12) -> 42162

Sheet RES 24 AL 28
D1: PERIODO DE CERTIFICACION CON EL COLEGIO "SCIS" DEL 24 AL 28 DE AGOSTO DE 2026
A5: DETALLE TURNO | C5: 46258 | D5: 46259 | E5: 46260 | F5: 46261 | G5: 46262 | H5: TOTAL PLATOS VENDIDOS | I5: IMPORTE POR PLATO BS. | J5: IMPORTE TOTAL A PAGAR BS.
A7: TURNO 1 | B7: 0.49305556 | C7: =+'11;50'!T95 -> 39 | D7: =+'11;50'!U95 -> 35 | E7: =+'11;50'!V95 -> 34 | F7: =+'11;50'!W95 -> 35 | H7: =SUM(C7:G7) -> 143 | I7: 32 | J7: =+I7*H7 -> 4576
A8: TURNO 2 | B8: 0.5 | C8: =+'12;00'!T158 -> 62 | D8: =+'12;00'!U158 -> 58 | E8: =+'12;00'!V158 -> 52 | F8: =+'12;00'!W158 -> 50 | G8: =+'12;00'!X158 -> 58 | H8: =SUM(C8:G8) -> 280 | I8: 32 | J8: =+I8*H8 -> 8960
A9: TURNO 3 | B9: 0.47569444 | C9: =+'11;25'!T160 -> 70 | D9: =+'11;25'!U160 -> 56 | E9: =+'11;25'!V160 -> 52 | F9: =+'11;25'!W160 -> 57 | G9: =+'11;25'!X160 -> 58 | H9: =SUM(C9:G9) -> 293 | I9: 32 | J9: =+I9*H9 -> 9376
A10: TURNO 4 | B10: 0.52777778 | C10: =+'12;40'!T155 -> 64 | D10: =+'12;40'!U155 -> 56 | E10: =+'12;40'!V155 -> 56 | F10: =+'12;40'!W155 -> 57 | G10: =+'12;40'!X155 -> 57 | H10: =SUM(C10:G10) -> 290 | I10: 35 | J10: =+I10*H10 -> 10150
A11: TURNO 5 | B11: 0.54513889 | C11: =+'13;05'!T156 -> 46 | D11: =+'13;05'!U156 -> 49 | E11: =+'13;05'!V156 -> 52 | F11: =+'13;05'!W156 -> 48 | G11: =+'13;05'!X156 -> 49 | H11: =SUM(C11:G11) -> 244 | I11: 35 | J11: =+I11*H11 -> 8540
A12: TOTALES | C12: =SUM(C7:C11) -> 281 | D12: =SUM(D7:D11) -> 254 | E12: =SUM(E7:E11) -> 246 | F12: =SUM(F7:F11) -> 247 | G12: =SUM(G7:G11) -> 222 | H12: =SUM(H7:H11) -> 1250
E13: CANTIDAD | H13: =SUM(H7:H12) -> 2500 | I13: BOLIVIANOS | J13: =SUM(J7:J12) -> 41602

Sheet RES 31
D1: PERIODO DE CERTIFICACION CON EL COLEGIO "SCIS" DEL 31 DE AGOSTO DE 2026
A5: DETALLE TURNO | C5: 46265 | H5: TOTAL PLATOS VENDIDOS | I5: IMPORTE POR PLATO BS. | J5: IMPORTE TOTAL A PAGAR BS.
A7: TURNO 1 | B7: 0.49305556 | C7: =+'11;50'!Y95 -> 0 | H7: =SUM(C7:G7) -> 0 | I7: 32 | J7: =+I7*H7 -> 0
A8: TURNO 2 | B8: 0.5 | C8: =+'12;00'!Y158 -> 0 | H8: =SUM(C8:G8) -> 0 | I8: 32 | J8: =+I8*H8 -> 0
A9: TURNO 3 | B9: 0.47569444 | C9: =+'11;25'!Y160 -> 0 | H9: =SUM(C9:G9) -> 0 | I9: 32 | J9: =+I9*H9 -> 0
A10: TURNO 4 | B10: 0.52777778 | C10: =+'12;40'!Y155 -> 0 | H10: =SUM(C10:G10) -> 0 | I10: 35 | J10: =+I10*H10 -> 0
A11: TURNO 5 | B11: 0.54513889 | C11: =+'13;05'!Y156 -> 0 | H11: =SUM(C11:G11) -> 0 | I11: 35 | J11: =+I11*H11 -> 0
A12: TOTALES | C12: =SUM(C7:C11) -> 0 | D12: =SUM(D7:D11) -> 0 | E12: =SUM(E7:E11) -> 0 | F12: =SUM(F7:F11) -> 0 | G12: =SUM(G7:G11) -> 0 | H12: =SUM(H7:H11) -> 0
E13: CANTIDAD | H13: =SUM(H7:H12) -> 0 | I13: BOLIVIANOS | J13: =SUM(J7:J12) -> 0
